admission_grade,tuition_up_to_date,scholarship_holder,age,gender,approved_sem1,grade_sem1,approved_sem2,grade_sem2,target
127.3,1,0,20,1,0,0.0,0,0.0,Dropout
142.5,0,0,19,1,6,14.0,6,13.666666666666666,Graduate
124.8,0,0,19,1,0,0.0,0,0.0,Dropout
119.6,1,0,20,0,6,13.428571428571429,5,12.4,Graduate
141.5,1,0,45,0,5,12.333333333333334,6,13.0,Graduate
114.8,1,0,50,1,5,11.857142857142858,5,11.5,Graduate
128.4,1,1,18,0,7,13.3,8,14.345,Graduate
113.1,0,0,22,1,0,0.0,0,0.0,Dropout
129.3,1,1,21,0,6,13.875,6,14.142857142857142,Graduate
123.0,0,0,18,0,5,11.4,2,13.5,Dropout
130.6,1,0,18,0,6,12.333333333333334,5,14.2,Graduate
119.3,1,1,18,0,7,13.214285714285714,7,13.214285714285714,Graduate
130.2,1,0,19,0,0,0.0,0,0.0,Dropout
111.8,1,1,21,0,6,10.571428571428571,5,11.0,Graduate
137.1,1,1,18,0,4,13.25,5,12.0,Graduate
120.7,1,0,20,0,5,13.2,0,0.0,Dropout
137.4,1,0,18,0,1,12.0,2,11.0,Enrolled
127.3,1,0,18,0,7,13.30625,8,14.545,Graduate
136.3,1,0,20,0,4,12.5,4,12.25,Graduate
124.6,1,0,18,0,6,11.666666666666666,6,13.5,Enrolled
120.3,1,1,21,0,0,0.0,0,0.0,Graduate
121.8,1,0,20,0,7,11.4375,8,11.425,Enrolled
125.5,1,0,18,0,7,12.857142857142858,7,12.857142857142858,Graduate
114.9,1,1,19,0,6,13.375,6,12.285714285714286,Graduate
123.9,1,0,19,0,6,13.296666666666669,7,14.114285714285714,Graduate
157.0,1,1,18,0,5,11.6,4,11.0,Enrolled
116.4,1,0,21,0,6,11.375,6,13.285714285714286,Graduate
131.0,1,0,18,0,5,12.666666666666666,4,13.0,Enrolled
122.1,1,0,20,0,5,12.0,5,12.333333333333334,Graduate
118.8,1,0,19,1,6,12.933333333333332,6,13.716666666666669,Enrolled
150.0,1,0,21,1,5,11.857142857142858,5,10.571428571428571,Enrolled
130.0,1,0,20,1,6,12.833333333333334,4,13.4,Graduate
138.8,0,0,18,1,3,11.333333333333334,2,13.5,Enrolled
134.5,1,0,19,0,6,12.666666666666666,6,14.375,Graduate
131.4,1,0,34,1,5,12.4,5,13.428571428571429,Graduate
102.5,0,0,37,1,0,0.0,1,10.0,Dropout
128.8,1,0,43,1,0,0.0,0,0.0,Dropout
122.9,1,0,55,0,1,10.0,2,12.0,Dropout
113.9,1,0,39,0,5,11.0,5,11.6,Graduate
120.0,0,0,20,0,3,11.666666666666666,3,12.0,Dropout
121.1,1,0,18,0,4,12.75,0,0.0,Dropout
120.4,1,0,22,0,5,14.8,5,15.8,Graduate
100.6,1,0,22,0,5,13.928,7,14.342857142857142,Graduate
121.4,0,0,20,0,4,13.0,5,13.8,Dropout
109.7,1,0,29,0,0,0.0,0,0.0,Dropout
134.1,1,0,24,0,2,11.5,3,14.333333333333334,Enrolled
127.6,1,0,18,0,6,11.666666666666666,5,13.2,Graduate
132.4,1,1,22,0,6,13.516666666666666,7,13.771428571428572,Graduate
133.4,1,1,21,0,6,11.5,6,13.285714285714286,Graduate
126.1,1,1,19,0,5,12.333333333333334,6,12.833333333333334,Graduate
113.5,1,1,24,0,6,13.666666666666666,6,14.166666666666666,Graduate
121.3,1,1,19,0,6,11.833333333333334,6,11.833333333333334,Enrolled
121.8,1,1,20,0,4,14.0,3,11.0,Enrolled
159.3,1,0,19,0,5,14.714285714285714,5,15.8,Graduate
120.0,1,0,27,0,5,10.6,5,11.0,Dropout
129.1,1,0,18,0,7,13.044444444444444,8,13.595,Graduate
130.0,1,0,39,0,0,0.0,0,0.0,Dropout
155.3,1,0,27,0,5,13.0,10,12.9,Dropout
139.8,1,0,18,0,8,14.935,8,14.935,Graduate
115.2,1,0,18,0,0,0.0,0,0.0,Enrolled
114.9,1,0,18,0,6,13.133333333333333,7,12.221428571428572,Graduate
131.9,1,1,21,0,6,12.0,6,12.0,Graduate
126.0,1,1,19,1,0,0.0,0,0.0,Enrolled
130.2,1,0,19,1,5,11.4,1,10.0,Enrolled
120.9,1,0,24,1,0,0.0,0,0.0,Enrolled
126.0,1,0,29,1,5,11.9,5,11.0,Dropout
128.2,1,1,19,1,0,0.0,0,0.0,Graduate
130.0,1,0,23,1,6,12.571428571428571,6,12.428571428571429,Graduate
120.1,1,0,19,1,5,11.2,4,10.75,Dropout
100.0,1,0,26,1,6,12.0,5,10.8,Enrolled
134.0,1,0,18,1,0,0.0,0,0.0,Enrolled
130.8,1,0,24,1,7,11.975,8,13.75,Graduate
135.8,1,0,19,1,0,0.0,0,0.0,Dropout
111.7,1,0,18,1,3,11.666666666666666,1,12.0,Dropout
132.9,1,0,18,1,6,12.333333333333334,3,12.333333333333334,Graduate
115.5,1,0,18,1,3,10.333333333333334,3,10.857142857142858,Dropout
106.0,1,1,21,1,4,10.5,1,11.0,Dropout
120.3,1,1,19,1,6,13.666666666666666,6,13.333333333333334,Graduate
130.8,1,1,22,1,7,14.842857142857142,8,15.055555555555555,Graduate
117.0,1,0,33,1,6,12.0,6,11.666666666666666,Graduate
110.2,1,0,20,1,5,12.2,5,12.2,Dropout
155.7,1,0,35,1,0,0.0,0,0.0,Dropout
180.4,1,0,24,1,6,12.166666666666666,10,13.3,Dropout
125.5,1,0,18,1,5,12.0,3,11.333333333333334,Enrolled
110.0,1,0,33,0,6,11.0,5,11.0,Graduate
161.0,1,1,22,0,7,13.08,7,13.08,Graduate
100.0,1,1,25,0,4,10.5,5,11.6,Graduate
117.6,1,0,20,1,6,10.666666666666666,5,11.2,Graduate
128.7,1,0,23,1,4,14.0,5,13.8,Enrolled
112.2,1,0,18,1,2,10.0,0,0.0,Enrolled
100.8,1,0,24,1,0,0.0,0,0.0,Dropout
105.0,0,0,21,0,6,14.0,6,13.5,Graduate
100.0,1,0,26,0,2,12.0,0,0.0,Dropout
115.5,1,0,39,0,3,12.666666666666666,0,0.0,Dropout
114.0,1,0,44,0,8,11.875,6,12.333333333333334,Graduate
137.0,1,0,19,1,5,14.0,3,13.25,Enrolled
124.9,1,0,18,0,6,13.666666666666666,6,13.333333333333334,Graduate
120.3,1,1,18,0,7,13.75,8,14.47777777777778,Graduate
134.3,1,0,19,0,5,14.2,5,13.8,Enrolled
111.5,0,0,19,0,4,11.96,0,0.0,Dropout
128.8,1,0,21,0,8,12.875,5,13.4,Dropout
110.0,1,0,20,0,0,0.0,0,0.0,Graduate
113.5,1,0,36,0,0,0.0,0,0.0,Dropout
160.0,1,0,43,0,18,14.63157894736842,13,14.23076923076923,Graduate
117.4,1,0,19,0,0,0.0,0,0.0,Dropout
122.2,1,0,20,0,10,13.0,11,12.272727272727272,Graduate
118.2,1,0,19,0,0,0.0,0,0.0,Dropout
106.7,1,0,20,0,4,14.2,4,13.25,Dropout
108.2,1,0,20,0,6,13.266666666666666,5,12.3,Dropout
107.0,1,0,20,0,6,11.666666666666666,3,13.0,Enrolled
136.1,1,0,18,0,6,13.857142857142858,6,15.0,Graduate
115.3,1,1,18,0,3,13.0,3,11.0,Enrolled
139.8,1,0,19,0,5,13.4,5,12.8,Graduate
157.0,1,0,18,0,6,12.666666666666666,6,12.571428571428571,Graduate
131.0,1,0,18,0,6,12.516666666666666,6,12.516666666666666,Dropout
100.0,1,0,20,0,6,11.616666666666667,7,13.0,Enrolled
140.4,1,1,20,0,2,10.0,4,10.75,Enrolled
113.4,1,0,20,0,3,10.333333333333334,3,10.666666666666666,Enrolled
137.0,1,0,18,0,5,13.142857142857142,5,11.4,Graduate
121.8,1,0,18,0,5,12.6,5,14.0,Graduate
131.0,1,0,21,0,3,11.0,2,11.0,Dropout
118.6,1,0,19,0,5,10.8,4,11.25,Graduate
122.3,1,0,19,0,0,0.0,0,0.0,Dropout
127.9,1,1,19,0,5,12.8,5,14.2,Graduate
121.3,1,0,19,0,6,14.166666666666666,6,12.2,Graduate
117.1,1,0,19,0,5,12.1,0,0.0,Dropout
160.0,1,0,20,0,6,14.166666666666666,5,13.77777777777778,Graduate
145.3,1,1,18,0,5,12.8,5,13.4,Enrolled
122.6,1,0,18,0,6,13.0,6,13.666666666666666,Graduate
128.0,1,0,19,0,7,13.467142857142855,8,15.011111111111113,Graduate
124.9,1,1,18,0,7,13.2375,7,13.742857142857144,Dropout
123.7,1,0,18,0,6,12.333333333333334,6,13.0,Graduate
120.1,1,0,19,0,5,12.4,5,14.6,Graduate
131.7,1,0,19,0,5,14.0,0,0.0,Dropout
133.2,1,0,20,0,9,11.666666666666666,7,11.714285714285714,Graduate
109.3,0,1,19,0,5,12.0,4,12.5,Dropout
113.0,1,0,20,0,4,12.2,4,11.5,Graduate
157.9,1,1,18,0,6,14.833333333333334,6,14.833333333333334,Graduate
112.1,1,1,20,0,5,13.188,7,12.892857142857142,Enrolled
174.7,1,0,18,0,7,17.125,8,17.5875,Graduate
128.8,1,0,19,0,6,12.666666666666666,6,12.666666666666666,Graduate
110.1,1,1,19,0,6,12.666666666666666,5,12.0,Graduate
99.7,0,0,22,0,0,0.0,0,0.0,Enrolled
121.0,1,1,19,0,6,11.333333333333334,6,11.5,Graduate
131.7,1,1,19,0,7,13.605,8,12.33125,Graduate
119.1,1,1,19,0,5,12.0,5,10.8,Graduate
124.7,1,0,19,0,0,0.0,0,0.0,Dropout
117.2,1,0,20,0,5,11.2,3,11.666666666666666,Dropout
128.8,1,0,18,0,5,13.375,5,14.166666666666666,Graduate
131.5,1,1,20,0,6,13.863333333333337,7,14.178571428571429,Graduate
121.7,1,0,18,0,0,0.0,0,0.0,Enrolled
123.4,1,0,19,0,5,12.4,5,13.4,Graduate
124.7,1,0,18,0,3,12.333333333333334,5,10.833333333333334,Enrolled
132.8,1,0,18,0,6,13.333333333333334,5,11.8,Graduate
108.7,1,0,21,0,3,12.666666666666666,3,10.0,Dropout
138.1,1,0,19,0,6,12.0,4,11.5,Dropout
126.5,1,1,18,0,5,10.6,5,11.8,Graduate
127.4,1,1,18,0,6,12.25,6,11.857142857142858,Graduate
123.6,1,0,20,0,4,11.0,6,11.833333333333334,Graduate
122.0,1,1,24,0,5,11.0,5,12.6,Graduate
118.2,1,0,19,0,6,13.166666666666666,6,13.0,Dropout
123.9,1,1,18,0,7,12.855555555555554,7,12.761111111111113,Graduate
125.8,1,0,18,0,7,14.91875,8,15.355,Graduate
123.3,1,0,21,0,4,11.5,3,11.0,Dropout
124.4,1,0,19,0,5,14.2,5,14.2,Graduate
126.0,1,1,19,0,6,12.5,6,13.0,Graduate
170.0,1,0,47,0,0,0.0,0,0.0,Enrolled
121.5,1,0,19,0,5,11.666666666666666,4,11.0,Graduate
130.0,1,0,29,0,7,14.257142857142856,7,14.257142857142856,Graduate
117.0,1,0,21,0,3,12.0,2,11.333333333333334,Dropout
130.0,1,0,28,0,4,11.25,4,10.5,Enrolled
108.0,1,0,20,0,7,12.457142857142856,8,13.5625,Graduate
132.3,1,0,19,0,6,11.683333333333332,6,11.683333333333332,Graduate
148.0,1,0,26,0,3,11.666666666666666,5,12.0,Graduate
122.6,0,0,20,0,4,11.75,6,13.166666666666666,Dropout
123.0,1,1,18,0,3,11.666666666666666,4,13.5,Enrolled
102.5,1,0,27,0,5,13.2,5,12.0,Graduate
113.3,1,0,20,0,4,11.95,4,11.95,Dropout
133.0,1,0,18,0,5,12.4,5,10.4,Dropout
140.0,1,0,33,0,6,14.35,6,14.583333333333334,Dropout
128.3,1,0,35,0,21,12.61904761904762,19,12.789473684210526,Graduate
140.0,1,1,26,0,6,12.666666666666666,6,13.166666666666666,Enrolled
104.0,0,0,27,0,5,12.0,0,0.0,Dropout
122.3,0,0,19,0,6,12.166666666666666,0,0.0,Dropout
135.0,1,0,20,0,0,0.0,0,0.0,Dropout
119.1,0,0,20,0,3,10.0,3,10.571428571428571,Dropout
126.6,0,0,21,0,8,11.5,4,10.0,Enrolled
129.0,1,1,18,0,6,13.05,6,13.05,Graduate
162.3,1,0,24,0,2,11.0,0,0.0,Dropout
163.4,1,0,20,0,6,11.5,6,12.0,Graduate
121.5,1,1,21,0,6,12.0,6,12.5,Graduate
122.8,1,0,23,0,2,10.0,1,10.0,Enrolled
118.0,1,0,24,0,0,0.0,0,0.0,Dropout
134.0,1,0,21,0,0,0.0,0,0.0,Dropout
129.8,1,0,18,0,7,12.242857142857144,7,12.242857142857144,Graduate
152.0,1,0,27,0,0,0.0,0,0.0,Dropout
122.8,1,0,18,0,8,12.93375,8,12.93375,Graduate
150.0,1,0,35,0,0,0.0,0,0.0,Dropout
131.8,1,0,18,0,7,12.571428571428571,7,14.428571428571429,Graduate
105.9,1,0,35,0,3,11.816666666666668,3,11.333333333333334,Enrolled
132.1,1,0,19,0,4,13.75,4,14.333333333333334,Graduate
127.4,1,0,20,0,6,11.166666666666666,6,11.333333333333334,Graduate
129.5,1,0,18,0,7,12.324285714285711,7,12.324285714285711,Graduate
126.7,1,0,21,0,6,12.166666666666666,6,11.714285714285714,Graduate
116.5,1,1,18,0,5,11.142857142857142,4,11.25,Graduate
119.1,1,0,18,0,4,11.0,4,10.75,Graduate
126.5,1,0,18,0,7,12.914285714285713,7,12.914285714285713,Graduate
149.8,1,1,18,0,6,13.833333333333334,6,14.166666666666666,Graduate
115.1,1,0,19,0,6,13.857142857142858,5,13.4,Graduate
124.5,1,1,36,0,6,13.714285714285714,5,12.8,Dropout
128.3,1,1,18,0,7,12.642857142857142,7,12.642857142857142,Graduate
136.0,1,1,18,0,6,12.916666666666666,6,12.916666666666666,Graduate
140.0,1,1,20,0,6,15.625,6,15.857142857142858,Graduate
126.3,1,1,26,0,0,0.0,0,0.0,Dropout
126.9,1,0,21,0,6,11.714285714285714,6,12.0,Graduate
145.0,1,0,25,0,6,12.125,8,13.3125,Enrolled
115.8,1,1,19,0,5,11.6,5,11.6,Graduate
100.0,1,0,24,0,1,10.0,0,0.0,Dropout
102.5,1,1,27,0,1,10.0,0,0.0,Dropout
131.5,1,0,21,0,0,0.0,2,13.5,Dropout
147.0,1,1,18,0,4,13.0,3,12.333333333333334,Graduate
122.5,1,1,19,0,6,13.333333333333334,6,14.5,Graduate
117.5,1,0,18,0,4,11.25,2,12.5,Dropout
150.0,1,1,19,0,5,13.85,7,12.19285714285714,Graduate
127.5,1,1,19,0,6,13.741666666666667,7,14.9125,Graduate
140.0,1,0,33,0,6,15.333333333333334,5,15.8,Graduate
130.0,1,0,45,0,5,11.0,5,13.8,Graduate
133.3,1,1,20,0,6,12.0,6,12.857142857142858,Graduate
97.0,1,0,28,0,0,0.0,0,0.0,Dropout
112.0,1,1,19,0,7,11.571428571428571,7,11.571428571428571,Graduate
123.6,1,0,18,0,6,12.857142857142858,3,12.666666666666666,Graduate
130.5,1,0,38,0,0,0.0,0,0.0,Dropout
133.3,1,0,19,0,5,13.0,5,13.2,Graduate
132.1,1,1,21,0,5,11.0,5,12.0,Graduate
100.0,1,0,21,0,3,12.0,1,15.0,Dropout
140.4,1,1,22,0,5,12.6,6,13.0,Graduate
141.7,1,1,18,0,5,13.4,6,13.166666666666666,Graduate
119.7,1,1,18,0,6,11.333333333333334,6,11.571428571428571,Graduate
122.5,0,0,25,0,4,13.5,4,14.25,Dropout
140.0,0,0,24,0,3,11.75,3,10.333333333333334,Dropout
119.4,1,0,19,0,6,12.471428571428572,7,11.4625,Enrolled
155.0,1,0,24,0,11,12.909090909090908,9,13.555555555555555,Enrolled
119.1,1,1,20,0,5,11.6,5,13.6,Graduate
122.7,0,0,25,0,0,0.0,0,0.0,Dropout
117.9,1,1,20,0,9,12.9,10,12.363636363636363,Graduate
130.0,1,0,23,0,8,13.22,8,13.22,Graduate
120.0,1,1,19,0,7,13.151428571428571,7,13.151428571428571,Graduate
130.0,0,0,29,0,3,12.75,3,11.333333333333334,Dropout
116.8,1,0,21,0,6,11.333333333333334,4,12.25,Graduate
123.4,1,1,18,0,6,13.25,5,14.142857142857142,Graduate
125.4,1,0,19,0,5,12.4,5,12.4,Enrolled
127.2,1,1,18,0,6,15.0,6,12.833333333333334,Dropout
103.4,1,0,19,0,5,14.4,5,13.0,Graduate
123.2,1,0,18,0,1,11.0,0,0.0,Enrolled
124.1,1,0,18,0,5,12.4,5,10.8,Graduate
99.5,0,1,37,0,1,16.0,0,0.0,Dropout
124.9,1,0,29,0,5,13.571428571428571,5,12.333333333333334,Graduate
110.8,1,0,18,0,6,11.833333333333334,6,12.5,Enrolled
118.9,1,1,19,0,5,11.666666666666666,5,12.666666666666666,Graduate
118.8,0,0,22,0,6,11.833333333333334,2,13.0,Dropout
137.0,1,1,20,0,6,11.166666666666666,5,10.6,Graduate
100.0,1,0,34,0,0,0.0,0,0.0,Dropout
120.0,0,0,30,0,8,11.75,6,12.166666666666666,Dropout
122.8,1,0,18,0,6,14.0,6,14.0,Graduate
121.6,1,0,18,0,6,12.833333333333334,6,12.0,Graduate
149.2,1,0,18,0,4,12.25,3,11.666666666666666,Graduate
140.0,1,0,18,0,7,14.828571428571427,7,14.828571428571427,Graduate
133.4,1,1,19,0,5,11.4,5,12.8,Graduate
126.2,1,1,19,0,6,13.0,6,12.5,Graduate
127.8,1,1,18,0,7,13.671428571428573,7,13.671428571428573,Graduate
150.0,1,1,21,0,6,12.666666666666666,5,12.8,Graduate
113.7,0,0,20,0,2,10.0,1,13.0,Dropout
117.8,1,0,20,0,5,13.5,5,12.333333333333334,Graduate
136.7,1,0,19,0,7,12.67,8,13.55,Graduate
144.7,1,0,20,0,6,14.5,6,15.428571428571429,Graduate
139.8,1,0,18,0,7,13.685714285714283,8,15.3875,Graduate
113.7,1,0,20,0,5,11.0,3,10.666666666666666,Dropout
140.0,0,0,29,0,7,11.555555555555555,5,13.2,Dropout
142.3,1,1,18,0,7,13.79714285714286,8,13.775,Enrolled
119.6,1,1,20,0,7,14.00375,7,13.812857142857142,Graduate
123.7,1,1,22,0,4,12.0,4,11.4,Graduate
143.0,1,1,47,0,5,14.166666666666666,6,14.166666666666666,Graduate
100.1,1,0,31,0,5,14.0,5,13.8,Graduate
119.4,1,1,21,0,5,13.8,6,12.833333333333334,Graduate
122.1,1,0,21,0,5,12.8,6,11.857142857142858,Graduate
100.0,1,0,24,0,6,12.166666666666666,6,13.833333333333334,Graduate
113.9,1,0,18,0,6,12.5,6,12.333333333333334,Enrolled
101.0,1,0,32,0,4,12.0,4,11.5,Graduate
111.8,1,1,19,0,6,10.833333333333334,6,11.5,Graduate
140.0,1,0,24,0,8,13.385,8,13.385,Graduate
124.4,1,0,19,0,6,15.666666666666666,6,14.5,Graduate
150.0,1,1,19,0,6,14.333333333333334,6,13.833333333333334,Graduate
140.0,1,0,24,0,6,11.428571428571429,5,13.0,Enrolled
116.0,1,1,18,0,6,11.666666666666666,6,11.666666666666666,Graduate
135.6,1,1,19,0,5,12.0,2,11.333333333333334,Dropout
121.0,1,1,19,0,7,14.725714285714288,7,14.725714285714288,Graduate
118.7,1,1,18,0,6,14.166666666666666,6,13.666666666666666,Graduate
125.7,1,0,18,0,6,11.571428571428571,6,12.333333333333334,Graduate
107.1,1,0,20,0,7,12.5,8,13.1375,Graduate
125.5,1,0,18,0,8,12.86,8,12.86,Graduate
127.0,1,0,18,0,6,12.25,6,13.714285714285714,Graduate
113.5,1,1,21,0,4,12.0,5,12.2,Graduate
154.4,1,1,18,0,7,15.116666666666667,8,16.168888888888887,Graduate
122.0,0,0,18,0,2,12.5,4,10.25,Dropout
128.0,1,0,19,0,0,0.0,0,0.0,Dropout
115.5,1,0,19,0,4,11.0,4,11.0,Enrolled
117.2,1,0,18,0,6,11.875,4,14.6,Graduate
150.0,1,0,34,0,1,11.0,0,0.0,Dropout
155.3,1,0,19,0,5,15.2,5,13.2,Graduate
120.0,0,0,19,0,5,11.6,2,11.0,Dropout
116.1,1,0,26,0,6,14.833333333333334,6,15.142857142857142,Graduate
118.9,1,0,21,0,3,11.333333333333334,3,11.333333333333334,Dropout
127.3,1,1,18,0,5,11.2,5,11.8,Graduate
113.7,1,1,20,0,5,13.4,5,13.666666666666666,Graduate
118.5,1,0,25,0,2,10.5,0,0.0,Dropout
146.7,1,0,18,0,5,16.2,5,16.4,Graduate
124.3,1,1,18,0,7,14.542857142857144,8,14.88181818181818,Graduate
137.8,1,0,19,0,7,13.694285714285714,8,14.355555555555554,Graduate
130.2,1,1,18,0,6,11.285714285714286,6,11.857142857142858,Graduate
147.8,1,0,20,0,6,11.757142857142856,6,13.083333333333334,Enrolled
150.0,0,0,26,0,0,0.0,0,0.0,Dropout
100.0,1,1,19,0,7,13.058571428571428,7,13.058571428571428,Graduate
155.6,1,0,19,0,7,14.3,8,14.055555555555555,Graduate
117.4,1,0,19,0,5,11.8,8,12.0,Graduate
128.8,1,0,19,0,3,10.333333333333334,3,13.0,Enrolled
117.5,1,0,18,0,6,10.571428571428571,3,11.666666666666666,Graduate
120.4,1,0,19,0,6,13.333333333333334,6,13.333333333333334,Graduate
130.9,1,0,18,0,6,11.857142857142858,5,11.0,Graduate
125.0,1,0,18,0,5,12.6,5,11.4,Enrolled
136.8,1,0,18,0,5,14.0,5,11.6,Enrolled
121.6,1,0,18,0,5,12.0,6,12.666666666666666,Enrolled
151.0,1,0,26,0,0,0.0,0,0.0,Dropout
103.5,1,0,20,0,6,12.0,6,13.0,Graduate
119.4,1,0,19,0,6,12.666666666666666,6,11.666666666666666,Graduate
134.4,1,1,18,0,6,12.166666666666666,6,13.666666666666666,Graduate
143.0,1,0,19,0,6,13.333333333333334,6,14.666666666666666,Graduate
110.0,1,0,40,0,7,15.0,7,14.571428571428571,Graduate
132.5,1,1,18,0,8,13.39125,8,13.39125,Graduate
114.7,1,0,19,0,5,12.166666666666666,6,12.428571428571429,Graduate
166.9,1,0,18,0,4,11.25,4,12.5,Graduate
125.9,1,0,19,0,4,12.0,3,12.0,Enrolled
178.3,1,0,18,0,0,0.0,0,0.0,Dropout
117.0,1,0,33,0,6,12.833333333333334,6,12.857142857142858,Graduate
150.0,1,0,35,0,6,14.0,6,13.1,Graduate
130.0,1,0,26,0,4,13.0,2,12.0,Enrolled
135.1,1,0,18,0,6,13.5,6,12.5,Graduate
110.0,1,0,36,0,13,10.692307692307692,9,12.307692307692308,Enrolled
136.2,1,0,39,0,5,11.0,5,11.666666666666666,Graduate
116.0,1,0,44,0,6,13.0,6,13.833333333333334,Graduate
100.0,1,0,20,0,5,12.0,4,11.25,Enrolled
116.3,1,0,24,0,4,12.6,4,11.5,Dropout
134.0,1,1,20,0,6,13.666666666666666,6,13.333333333333334,Graduate
124.2,0,0,19,0,0,0.0,0,0.0,Dropout
134.5,1,1,18,0,6,14.2,6,14.2,Graduate
120.7,0,0,22,0,5,11.0,0,0.0,Dropout
127.1,1,0,18,0,6,15.0,6,16.428571428571427,Graduate
133.0,1,0,24,0,6,12.585714285714284,7,13.44285714285714,Graduate
128.2,1,0,33,0,0,0.0,0,0.0,Dropout
130.0,1,1,30,0,0,0.0,0,0.0,Enrolled
172.0,1,0,26,0,0,0.0,0,0.0,Dropout
128.5,1,0,18,0,6,11.666666666666666,6,11.833333333333334,Graduate
128.5,1,0,19,0,3,12.666666666666666,2,10.0,Dropout
112.0,1,0,20,0,3,10.333333333333334,4,11.0,Enrolled
142.5,1,1,22,0,8,13.5,7,13.714285714285714,Graduate
133.0,1,0,19,0,5,13.98,5,13.98,Enrolled
106.0,1,1,21,0,6,16.153846153846153,6,15.75,Graduate
125.5,1,1,21,0,6,14.033333333333331,6,14.033333333333331,Graduate
131.2,1,0,19,0,1,11.0,5,11.2,Enrolled
112.9,1,1,19,0,7,13.857142857142858,6,13.666666666666666,Graduate
124.8,1,0,18,0,7,13.414285714285716,7,13.414285714285716,Dropout
140.9,1,0,50,0,11,13.545454545454543,7,13.571428571428571,Graduate
148.0,1,1,31,0,4,11.25,4,10.833333333333334,Enrolled
148.4,1,1,19,0,6,13.833333333333334,6,14.428571428571429,Graduate
129.7,1,0,35,0,5,12.0,5,12.857142857142858,Graduate
128.2,1,0,31,0,0,0.0,0,0.0,Dropout
104.0,1,0,42,0,10,11.9,10,12.8,Enrolled
119.9,0,0,34,0,0,0.0,0,0.0,Dropout
141.0,1,1,18,0,7,15.135714285714286,8,15.287499999999998,Graduate
116.6,0,1,18,0,7,12.285714285714286,6,13.333333333333334,Enrolled
140.0,1,0,21,0,5,12.666666666666666,2,13.5,Enrolled
140.0,1,1,26,0,5,12.74,6,10.978571428571428,Dropout
100.0,1,0,20,0,6,13.25,8,13.75,Enrolled
121.0,1,0,19,0,3,10.333333333333334,3,10.333333333333334,Enrolled
117.0,1,1,19,0,6,13.428571428571429,6,13.166666666666666,Graduate
140.2,1,0,20,0,9,12.555555555555555,8,11.11111111111111,Graduate
129.3,1,0,19,0,6,11.5,6,11.166666666666666,Graduate
145.3,1,0,18,0,6,13.666666666666666,6,12.333333333333334,Graduate
146.2,1,0,28,0,11,11.272727272727272,10,12.0,Graduate
122.5,1,0,22,0,5,13.166666666666666,5,12.4,Enrolled
156.1,1,1,21,0,6,14.666666666666666,6,14.166666666666666,Graduate
140.0,1,0,21,0,4,12.75,1,11.0,Enrolled
140.0,1,0,26,0,5,11.2,5,12.14,Enrolled
128.4,0,0,18,0,5,13.0,5,11.4,Dropout
115.0,0,0,20,0,2,10.5,2,12.333333333333334,Dropout
158.7,1,0,18,0,6,14.857142857142858,6,14.0,Graduate
124.5,1,1,19,0,7,12.86,7,12.86,Graduate
111.9,1,0,20,0,11,11.727272727272728,11,12.0,Graduate
150.0,1,1,22,0,6,13.142857142857142,3,12.0,Graduate
114.2,1,0,18,0,5,11.8,4,13.714285714285714,Dropout
96.0,1,0,19,0,3,10.666666666666666,0,0.0,Dropout
128.9,1,1,18,0,5,11.6,4,11.2,Enrolled
121.7,1,0,20,0,3,10.333333333333334,3,10.333333333333334,Enrolled
114.8,1,0,19,0,4,12.25,3,11.0,Enrolled
127.0,1,0,19,0,6,12.0,4,12.75,Enrolled
131.3,1,0,19,0,7,14.731428571428571,7,14.731428571428571,Graduate
137.1,1,0,18,0,0,0.0,0,0.0,Graduate
120.0,1,0,21,0,13,13.615384615384617,12,14.25,Graduate
139.0,1,0,27,0,5,15.8,5,14.8,Graduate
129.1,1,0,19,0,6,14.666666666666666,6,14.571428571428571,Graduate
128.2,1,0,25,0,0,0.0,0,0.0,Dropout
120.8,1,1,18,0,7,14.654285714285717,7,14.654285714285717,Graduate
135.8,1,0,24,0,7,12.401428571428571,7,12.401428571428571,Graduate
118.9,1,0,20,0,7,11.5875,7,14.071428571428571,Graduate
140.0,1,0,26,0,5,14.0,5,15.6,Graduate
127.1,1,1,20,0,6,12.333333333333334,6,11.833333333333334,Graduate
137.0,1,0,18,0,5,14.0,5,15.4,Graduate
127.4,1,0,19,0,6,15.23076923076923,6,12.375,Graduate
97.0,1,0,23,0,5,11.6,3,11.0,Dropout
126.3,1,1,18,0,6,11.6,6,11.6,Graduate
127.5,1,0,18,0,0,0.0,0,0.0,Dropout
126.6,1,1,19,0,7,12.901428571428571,8,13.094444444444443,Graduate
120.0,1,0,30,0,7,14.142857142857142,5,14.8,Graduate
140.0,1,0,29,0,0,0.0,0,0.0,Dropout
131.5,1,0,19,0,8,13.25375,8,13.25375,Graduate
112.2,1,0,20,0,7,13.785714285714286,8,14.1,Graduate
150.5,1,0,20,0,6,13.916666666666666,6,13.916666666666666,Graduate
121.0,1,0,19,0,6,13.5,6,13.571428571428571,Graduate
112.2,1,0,20,0,3,11.333333333333334,2,10.666666666666666,Enrolled
129.4,1,0,21,0,0,0.0,0,0.0,Dropout
114.4,1,0,19,0,5,11.5,4,14.6,Graduate
120.3,1,1,18,0,7,12.082857142857142,7,12.082857142857142,Graduate
120.0,1,1,27,0,6,11.833333333333334,5,12.8,Graduate
114.5,1,1,19,0,5,13.4,5,12.4,Graduate
127.8,1,1,19,0,0,0.0,0,0.0,Dropout
124.6,1,0,19,0,5,14.2,6,14.571428571428571,Graduate
130.3,1,1,18,0,7,13.814285714285717,7,13.814285714285717,Graduate
118.2,1,1,20,0,4,11.25,6,10.5,Enrolled
118.8,1,1,18,0,6,14.5,6,13.666666666666666,Graduate
133.0,1,0,19,0,0,0.0,0,0.0,Dropout
129.0,1,0,36,0,6,11.3,6,11.3,Graduate
100.0,1,0,18,0,0,0.0,1,16.0,Enrolled
120.7,1,0,18,0,1,12.0,3,12.0,Enrolled
132.5,1,0,19,0,7,12.3,7,12.3,Graduate
120.3,1,1,18,0,7,12.694285714285714,7,12.694285714285714,Graduate
114.6,1,0,18,0,4,11.0,4,11.0,Graduate
116.5,1,1,19,0,6,13.0,6,14.166666666666666,Graduate
127.8,1,1,19,0,7,14.4125,8,16.05,Graduate
129.9,1,0,18,0,7,12.92875,8,14.0625,Dropout
118.9,1,0,20,0,6,13.333333333333334,5,12.8,Graduate
114.3,1,1,20,0,5,12.8,5,12.8,Enrolled
114.8,1,0,20,0,7,14.402857142857142,7,14.402857142857142,Graduate
123.0,1,1,18,0,7,13.381428571428572,7,13.381428571428572,Graduate
122.1,1,0,18,0,7,14.13125,8,13.98375,Graduate
123.7,1,0,19,0,5,11.714285714285714,5,12.6,Graduate
132.4,1,0,19,0,5,11.8,4,11.25,Enrolled
114.8,1,0,44,0,6,11.166666666666666,2,11.0,Graduate
130.0,1,0,32,0,0,0.0,0,0.0,Dropout
122.3,1,0,22,0,5,13.6,5,12.0,Dropout
152.4,1,0,36,0,12,13.846153846153848,11,14.090909090909092,Graduate
120.1,1,1,18,0,6,12.5,6,13.333333333333334,Graduate
155.1,1,0,20,0,5,16.4,5,14.6,Graduate
124.5,1,1,20,0,11,13.818181818181818,11,13.454545454545457,Graduate
126.9,1,0,19,0,5,10.6,4,10.5,Graduate
153.2,1,0,24,0,5,10.2,5,12.2,Graduate
129.8,1,0,20,0,5,10.6,4,10.4,Enrolled
135.0,1,0,27,0,9,11.444444444444445,5,10.8,Dropout
131.3,1,0,20,0,5,14.333333333333334,8,12.625,Enrolled
125.2,1,1,23,0,16,13.0,13,13.266666666666667,Graduate
141.3,1,1,18,0,8,13.31,8,13.31,Graduate
117.1,1,1,18,0,5,10.571428571428571,5,12.2,Graduate
126.5,1,1,20,0,7,13.487142857142857,7,13.487142857142857,Graduate
120.1,1,1,20,0,6,12.333333333333334,6,11.833333333333334,Graduate
128.4,1,0,23,0,6,11.875,5,12.833333333333334,Dropout
140.0,1,0,20,0,6,13.966666666666669,6,13.966666666666669,Graduate
110.0,0,0,28,0,0,0.0,0,0.0,Dropout
116.8,1,0,21,0,4,11.5,5,12.8,Graduate
104.5,1,0,21,0,2,12.5,0,0.0,Dropout
140.0,1,0,28,0,0,0.0,0,0.0,Dropout
113.2,1,0,18,0,6,11.98,7,13.225,Graduate
118.6,1,1,21,0,5,13.2,5,11.8,Enrolled
123.8,1,0,19,0,6,11.614285714285714,8,14.0375,Graduate
126.7,1,1,18,0,7,14.314285714285717,7,14.314285714285717,Graduate
133.8,1,0,19,0,0,0.0,0,0.0,Dropout
140.0,1,0,20,0,6,12.666666666666666,2,13.0,Enrolled
100.6,1,1,20,0,6,12.766666666666666,7,12.128571428571428,Graduate
132.7,1,1,18,0,6,12.666666666666666,5,12.2,Graduate
106.6,1,0,20,0,6,11.5,4,10.571428571428571,Dropout
140.4,1,0,31,0,5,11.4,4,11.75,Dropout
128.3,1,1,19,0,7,14.70625,8,14.4775,Graduate
118.6,1,1,19,0,6,11.814285714285717,7,13.542857142857144,Graduate
123.4,1,0,23,0,6,13.0,6,11.875,Graduate
124.0,1,0,19,0,6,14.857142857142858,6,13.333333333333334,Graduate
121.3,1,0,20,0,6,12.6,6,12.6,Graduate
101.0,1,0,22,0,5,13.333333333333334,4,11.4,Enrolled
116.9,1,0,18,0,6,10.666666666666666,6,12.833333333333334,Enrolled
130.0,0,0,27,0,2,11.5,1,11.0,Dropout
120.0,1,0,29,0,1,10.0,0,0.0,Dropout
130.4,1,0,18,0,5,11.8,5,12.2,Graduate
118.7,1,0,18,0,5,11.8,6,12.666666666666666,Graduate
131.5,1,0,18,0,8,12.77125,8,12.77125,Graduate
120.4,1,0,20,0,3,11.333333333333334,5,12.6,Enrolled
129.1,1,0,18,0,6,12.666666666666666,5,14.6,Graduate
132.0,0,0,18,0,5,12.2,4,10.833333333333334,Enrolled
130.0,0,0,28,0,1,12.0,0,0.0,Dropout
132.8,1,1,18,0,7,11.721428571428572,7,11.721428571428572,Graduate
143.7,1,0,27,0,4,14.0,3,12.525,Enrolled
152.8,1,0,26,0,7,14.75,5,13.8,Enrolled
133.5,1,0,18,0,6,12.666666666666666,6,13.666666666666666,Graduate
146.2,1,0,18,0,4,13.0,5,14.0,Dropout
115.2,1,0,21,0,0,0.0,0,0.0,Dropout
120.7,1,0,18,0,4,10.75,0,0.0,Enrolled
101.8,0,0,32,0,0,0.0,0,0.0,Dropout
100.0,1,0,28,0,4,12.5,4,11.75,Graduate
121.9,0,0,40,0,0,0.0,0,0.0,Dropout
120.4,0,0,39,0,0,0.0,0,0.0,Dropout
120.4,0,0,39,0,0,0.0,0,0.0,Dropout
148.8,1,0,50,0,6,12.5,5,12.4,Graduate
123.0,1,0,23,0,5,12.8,3,11.666666666666666,Dropout
100.0,1,0,48,0,1,10.0,1,11.0,Dropout
112.1,1,0,23,0,4,11.25,5,10.2,Dropout
126.8,1,1,18,0,7,12.61,7,12.61,Graduate
115.9,1,0,18,0,2,12.0,5,12.6,Graduate
132.5,0,0,20,0,5,13.0,6,13.5,Graduate
132.2,1,1,18,0,4,12.0,5,13.0,Graduate
183.5,1,0,18,0,4,12.0,0,0.0,Dropout
136.0,1,0,31,1,1,12.0,1,11.0,Dropout
100.9,1,0,24,1,1,12.0,3,10.5,Enrolled
114.5,1,0,24,1,0,0.0,0,0.0,Graduate
110.3,0,0,26,1,0,0.0,0,0.0,Dropout
137.2,1,0,18,1,5,13.625,4,11.75,Dropout
116.9,1,1,19,1,3,11.666666666666666,3,11.666666666666666,Enrolled
121.8,1,0,22,1,0,0.0,0,0.0,Dropout
127.3,1,0,18,1,7,11.69,7,11.69,Graduate
120.0,0,0,20,1,0,0.0,0,0.0,Dropout
150.0,1,0,25,1,0,0.0,0,0.0,Graduate
100.0,1,0,24,1,4,11.5,5,11.285714285714286,Graduate
150.0,1,0,27,1,1,14.0,0,0.0,Dropout
116.9,1,0,21,1,5,11.0,5,12.4,Graduate
140.0,1,0,21,1,6,12.857142857142858,6,13.166666666666666,Graduate
122.1,1,0,19,1,4,12.5,6,11.333333333333334,Dropout
160.0,1,0,28,1,7,14.528571428571428,8,15.018181818181818,Graduate
118.4,1,0,20,1,5,10.0,2,12.0,Enrolled
150.0,1,1,21,1,6,13.0,6,12.625,Graduate
144.9,1,1,18,1,7,15.957142857142856,8,15.188888888888888,Graduate
121.1,1,1,18,1,5,13.2,5,12.6,Enrolled
121.8,1,0,20,1,4,10.2,3,11.0,Enrolled
146.8,1,0,25,1,5,14.2,2,13.5,Enrolled
138.0,1,0,22,1,6,12.625,2,14.5,Enrolled
138.0,1,0,18,1,6,13.496666666666668,6,13.496666666666668,Enrolled
116.3,1,0,19,1,5,13.25,5,11.0,Graduate
122.5,1,0,19,1,3,12.0,3,12.0,Dropout
115.0,0,0,25,1,4,13.0,4,13.75,Dropout
115.0,1,0,21,1,9,11.77777777777778,3,13.666666666666666,Dropout
119.8,1,0,19,1,2,11.0,0,0.0,Dropout
95.0,1,0,20,1,0,0.0,0,0.0,Dropout
150.0,1,0,25,1,14,12.428571428571429,6,10.857142857142858,Dropout
117.8,1,0,20,1,3,11.0,3,12.0,Enrolled
144.2,1,0,18,1,0,0.0,0,0.0,Graduate
130.0,1,0,23,1,3,11.5,3,10.666666666666666,Enrolled
128.2,1,0,23,1,8,12.5075,8,12.5075,Graduate
135.3,1,0,21,1,11,12.090909090909092,11,12.0,Graduate
143.9,1,0,20,1,2,11.0,3,12.666666666666666,Enrolled
140.7,1,0,25,1,1,10.0,2,11.333333333333334,Dropout
130.4,1,0,18,1,6,13.5,5,13.2,Graduate
123.2,1,0,22,1,6,14.166666666666666,6,13.625,Graduate
118.0,1,0,27,1,6,14.0,6,14.714285714285714,Graduate
120.0,1,0,25,1,0,0.0,0,0.0,Dropout
118.9,1,0,18,1,3,11.666666666666666,3,11.333333333333334,Dropout
117.2,1,0,20,1,5,14.6,5,14.2,Graduate
120.0,1,0,27,1,5,13.0,5,11.5,Graduate
118.1,1,0,20,1,6,12.166666666666666,6,12.0,Graduate
124.8,1,0,22,1,0,0.0,1,12.0,Dropout
106.5,1,0,19,1,3,10.5,3,10.8,Dropout
116.8,1,0,20,1,3,12.4,5,10.833333333333334,Enrolled
109.3,1,0,19,1,0,0.0,0,0.0,Graduate
120.0,0,0,29,1,0,0.0,0,0.0,Dropout
137.5,1,0,19,1,7,13.828571428571427,7,13.828571428571427,Graduate
150.0,1,1,28,0,5,10.6,5,10.2,Enrolled
120.4,1,0,20,0,6,11.5,6,11.666666666666666,Graduate
136.7,1,0,20,0,4,13.5,6,13.625,Graduate
118.5,1,0,31,0,0,0.0,0,0.0,Dropout
133.0,1,0,18,0,7,12.5375,7,12.614285714285714,Graduate
128.8,1,0,19,0,6,14.833333333333334,6,13.285714285714286,Enrolled
133.0,1,0,18,0,4,12.0,4,12.8,Graduate
102.0,1,0,19,0,5,11.8,5,11.6,Graduate
133.9,1,1,18,0,5,15.0,5,15.2,Graduate
127.0,1,0,19,0,3,12.0,5,13.2,Graduate
120.4,1,1,18,0,6,12.833333333333334,6,12.285714285714286,Graduate
124.5,1,0,19,0,6,11.666666666666666,3,12.0,Graduate
123.9,1,0,19,0,7,12.1625,8,13.825,Graduate
117.8,1,0,18,0,6,13.833333333333334,6,14.555555555555555,Graduate
126.7,1,0,19,0,4,12.45,5,11.7,Enrolled
110.0,1,1,20,0,6,12.125,6,13.571428571428571,Graduate
134.7,1,0,20,0,5,13.4,4,13.0,Enrolled
113.2,1,0,20,0,6,13.333333333333334,5,14.0,Enrolled
141.0,1,0,29,0,11,11.454545454545457,11,11.545454545454543,Dropout
111.5,0,1,20,0,4,12.0,3,10.0,Dropout
140.0,0,0,31,0,6,12.666666666666666,5,12.6,Dropout
134.3,1,0,20,0,6,12.666666666666666,6,13.77777777777778,Graduate
125.3,1,0,21,0,18,11.88888888888889,13,11.461538461538462,Graduate
140.0,1,0,23,0,0,0.0,0,0.0,Dropout
119.6,0,0,21,0,4,13.0,4,11.6,Dropout
170.0,1,0,24,0,7,16.885714285714283,8,15.744444444444444,Graduate
150.5,1,0,27,0,6,12.5,6,12.333333333333334,Graduate
128.0,1,1,18,0,7,13.055555555555555,8,15.8125,Graduate
108.7,0,0,21,0,0,0.0,0,0.0,Dropout
121.6,1,1,19,0,0,0.0,0,0.0,Dropout
125.3,1,1,19,0,7,12.355714285714283,7,12.355714285714283,Graduate
117.6,1,0,18,0,0,0.0,0,0.0,Dropout
124.3,1,1,18,0,5,11.98,5,11.98,Enrolled
106.1,1,1,20,0,7,13.857142857142858,7,12.571428571428571,Graduate
139.9,1,0,24,0,5,13.0,6,14.166666666666666,Graduate
110.8,1,0,20,0,6,12.833333333333334,6,11.166666666666666,Graduate
118.0,1,0,20,0,4,11.0,5,13.2,Enrolled
117.8,1,1,19,0,7,12.357142857142858,7,12.357142857142858,Graduate
127.5,1,1,18,0,7,13.857142857142858,7,13.857142857142858,Graduate
129.7,1,1,20,0,6,12.333333333333334,6,10.666666666666666,Graduate
130.6,1,0,20,0,7,12.847142857142858,8,13.788888888888888,Graduate
126.3,1,1,19,0,6,12.339999999999998,8,13.01875,Graduate
140.0,1,0,19,0,5,12.666666666666666,4,11.75,Enrolled
105.0,1,0,20,0,6,13.833333333333334,6,12.5,Graduate
114.6,1,0,19,0,2,10.75,2,10.0,Dropout
114.6,1,0,19,0,4,13.25,4,10.25,Dropout
131.0,1,1,18,0,8,13.73125,8,13.73125,Graduate
109.0,1,1,23,0,6,13.333333333333334,3,12.666666666666666,Dropout
132.0,1,0,21,0,5,12.0,5,10.8,Dropout
130.0,1,0,23,0,9,10.88888888888889,6,11.333333333333334,Graduate
109.5,1,0,19,0,7,13.025,8,13.811111111111112,Graduate
115.9,1,0,18,0,6,13.0,6,14.166666666666666,Graduate
131.6,1,0,19,0,5,11.8,5,12.0,Graduate
120.0,1,1,25,0,7,12.042857142857144,7,12.042857142857144,Graduate
109.7,1,0,19,0,5,12.2,4,13.0,Enrolled
136.4,1,1,19,0,7,12.8375,8,15.5,Graduate
120.0,1,1,24,0,7,11.0,7,11.7,Graduate
132.6,1,1,18,0,6,13.5,5,14.0,Graduate
112.9,1,1,19,0,6,12.125,6,12.714285714285714,Graduate
134.3,1,1,18,0,7,12.62857142857143,7,12.62857142857143,Graduate
123.2,1,0,27,0,3,10.666666666666666,4,11.4,Enrolled
117.2,1,0,19,0,5,11.2,5,11.6,Graduate
129.8,1,1,18,0,6,12.666666666666666,6,11.833333333333334,Dropout
158.0,0,0,34,0,4,13.5,0,0.0,Dropout
116.5,1,0,18,0,3,11.666666666666666,2,11.0,Enrolled
121.0,1,0,18,0,2,10.5,3,12.333333333333334,Enrolled
133.8,1,0,18,0,8,14.26875,8,14.26875,Enrolled
115.0,0,0,20,0,0,0.0,0,0.0,Dropout
131.8,1,1,19,0,2,10.5,3,13.333333333333334,Enrolled
121.0,1,0,21,0,5,11.2,1,10.0,Enrolled
152.4,1,0,26,0,5,12.0,5,14.833333333333334,Graduate
110.2,1,0,27,0,7,12.228571428571428,8,13.2125,Graduate
113.5,1,0,20,0,4,11.5,4,10.75,Graduate
144.4,1,0,18,0,6,15.375,6,16.428571428571427,Graduate
143.3,0,0,23,0,9,13.666666666666666,6,13.5,Enrolled
100.0,1,0,24,0,7,12.614285714285714,7,12.614285714285714,Graduate
126.3,1,1,19,0,5,12.2,6,11.5,Graduate
115.9,1,0,19,0,4,11.75,4,11.0,Graduate
114.9,1,1,19,0,5,11.4,3,10.0,Enrolled
121.0,1,0,18,0,5,10.6,2,10.0,Enrolled
112.3,1,0,22,0,13,10.923076923076923,11,11.454545454545457,Graduate
127.0,1,0,20,0,5,12.4,5,12.4,Graduate
120.0,1,0,25,0,0,0.0,0,0.0,Dropout
180.0,1,0,21,0,6,15.833333333333334,6,15.5,Graduate
117.4,1,0,19,0,5,11.8,6,11.708333333333334,Enrolled
115.8,1,0,18,0,6,12.571428571428571,6,13.666666666666666,Graduate
136.5,1,0,18,0,3,12.0,4,13.25,Graduate
129.0,1,0,19,1,7,13.3625,8,14.444444444444445,Graduate
137.6,1,1,19,0,5,15.4,5,16.0,Graduate
129.5,0,0,18,0,5,12.2,4,11.75,Dropout
129.1,1,1,20,0,11,12.818181818181818,11,13.545454545454543,Graduate
130.2,1,0,19,0,0,0.0,0,0.0,Dropout
134.3,1,0,28,0,17,13.394736842105264,17,13.554736842105264,Graduate
138.4,1,1,20,0,6,14.25,6,11.0,Graduate
120.0,1,0,30,0,9,13.444444444444445,7,14.714285714285714,Dropout
123.5,1,1,19,0,7,12.285714285714286,8,11.7375,Graduate
116.1,1,0,22,0,6,11.666666666666666,5,13.2,Graduate
110.8,1,0,18,0,6,12.166666666666666,6,13.5,Graduate
142.8,1,0,23,0,2,10.0,2,11.0,Dropout
155.5,1,0,18,0,6,14.0,6,15.0,Graduate
126.7,1,0,18,0,5,11.833333333333334,4,12.0,Enrolled
163.5,0,0,50,1,1,15.0,0,0.0,Dropout
161.9,1,1,19,0,0,0.0,0,0.0,Graduate
123.3,1,0,22,0,6,10.833333333333334,6,10.666666666666666,Graduate
137.5,1,1,23,0,6,13.142857142857142,6,14.0,Graduate
166.6,0,1,20,0,5,14.4,5,14.0,Dropout
103.5,0,0,44,0,0,0.0,0,0.0,Dropout
110.0,1,0,49,1,7,12.0,9,11.22222222222222,Graduate
128.2,1,0,46,1,9,12.2,10,12.8,Graduate
137.7,0,0,41,1,3,12.333333333333334,2,11.0,Dropout
128.8,1,0,18,1,7,11.8375,8,12.48125,Graduate
170.0,1,0,43,1,5,11.8,5,14.0,Graduate
116.4,0,0,70,1,0,0.0,0,0.0,Dropout
100.9,1,0,48,1,0,0.0,0,0.0,Dropout
136.0,1,0,41,1,19,12.68421052631579,13,12.384615384615383,Graduate
130.0,1,0,21,1,6,12.571428571428571,4,13.0,Enrolled
100.0,0,0,35,1,3,11.25,0,0.0,Dropout
157.0,1,0,44,1,4,14.0,4,15.5,Graduate
152.1,1,0,18,1,4,13.333333333333334,2,13.5,Dropout
162.9,1,0,45,1,6,13.666666666666666,6,13.666666666666666,Graduate
137.2,1,0,20,1,3,10.0,5,10.8,Enrolled
140.0,1,0,22,1,5,12.6,6,11.714285714285714,Graduate
146.5,1,0,39,1,3,17.333333333333332,1,17.0,Dropout
130.0,0,0,20,1,5,13.2,3,12.0,Enrolled
128.0,1,0,49,1,3,14.0,3,13.666666666666666,Dropout
190.0,1,0,43,1,4,13.875,1,12.5,Dropout
133.2,1,0,32,1,0,0.0,0,0.0,Dropout
124.3,1,0,47,1,9,13.11111111111111,7,14.857142857142858,Graduate
138.1,1,1,37,1,5,13.0,4,13.333333333333334,Dropout
144.3,1,0,41,1,10,12.5,7,12.142857142857142,Graduate
140.0,1,0,60,1,18,14.11111111111111,13,14.23076923076923,Graduate
148.3,1,0,47,1,11,14.727272727272728,9,15.77777777777778,Graduate
96.0,0,0,50,1,0,0.0,0,0.0,Dropout
121.7,1,0,45,1,0,0.0,0,0.0,Dropout
160.0,0,0,45,1,0,0.0,0,0.0,Dropout
110.3,1,0,33,1,4,13.5,5,11.6,Graduate
129.0,1,0,18,1,7,13.105714285714283,7,13.105714285714283,Graduate
150.0,1,0,43,1,5,13.5,5,14.4,Graduate
100.0,1,0,44,1,13,11.846153846153848,11,12.0,Graduate
107.5,1,0,29,1,0,0.0,0,0.0,Dropout
170.0,0,0,53,1,3,14.333333333333334,0,0.0,Dropout
123.0,1,0,37,1,5,15.8,5,17.6,Enrolled
138.5,1,0,18,1,5,13.8,5,12.4,Enrolled
140.0,1,0,35,1,6,12.666666666666666,3,12.0,Dropout
113.6,1,0,23,1,6,13.0,6,12.0,Enrolled
170.0,1,0,22,1,0,0.0,0,0.0,Graduate
115.5,0,0,33,1,1,11.0,0,0.0,Dropout
130.0,0,0,41,1,0,0.0,0,0.0,Dropout
140.0,1,0,51,1,7,15.2,8,16.575,Graduate
126.6,1,0,19,1,6,14.428571428571429,7,14.375,Graduate
143.2,1,0,35,1,0,0.0,0,0.0,Dropout
131.4,1,0,20,1,0,0.0,0,0.0,Graduate
133.3,1,0,18,1,4,13.75,5,11.2,Enrolled
118.3,0,1,18,1,5,12.166666666666666,3,12.0,Dropout
140.0,1,0,21,1,5,12.142857142857142,5,11.666666666666666,Graduate
124.7,1,0,21,1,6,12.0,5,11.6,Graduate
140.0,1,0,34,1,3,11.666666666666666,4,12.75,Graduate
150.0,1,0,34,1,0,0.0,0,0.0,Dropout
115.6,1,0,21,1,6,11.875,5,12.0,Graduate
116.9,1,0,32,1,7,11.285714285714286,6,12.333333333333334,Enrolled
123.4,1,0,30,1,2,10.0,3,11.333333333333334,Dropout
146.5,1,0,19,1,11,12.0,10,11.181818181818182,Enrolled
117.1,1,0,20,1,6,13.833333333333334,5,13.0,Dropout
113.9,1,0,18,1,0,0.0,0,0.0,Dropout
128.7,1,0,19,1,6,14.428571428571429,6,12.5,Graduate
132.9,1,0,18,1,5,14.2,6,12.4,Dropout
123.0,1,0,27,1,4,11.5,3,10.333333333333334,Dropout
129.8,1,0,52,1,5,13.0,6,15.0,Graduate
156.1,0,0,29,1,0,0.0,0,0.0,Dropout
120.0,0,0,22,1,3,11.333333333333334,2,11.0,Dropout
117.2,1,0,28,1,18,12.5,12,11.428571428571429,Graduate
107.0,1,0,30,1,0,0.0,0,0.0,Dropout
128.4,1,0,18,0,7,13.471428571428572,8,13.944444444444445,Graduate
123.4,1,0,21,0,4,11.75,3,13.333333333333334,Graduate
126.7,1,1,20,0,6,13.333333333333334,6,14.666666666666666,Graduate
123.0,1,1,21,0,8,13.105,8,13.105,Graduate
137.2,0,0,32,0,0,0.0,0,0.0,Dropout
125.9,1,1,20,1,6,15.5,6,12.166666666666666,Graduate
138.0,0,0,19,1,0,0.0,0,0.0,Dropout
128.2,0,0,18,1,4,11.25,3,12.333333333333334,Dropout
126.5,0,0,23,1,12,11.0,11,11.363636363636363,Dropout
112.4,1,0,20,1,6,12.333333333333334,4,13.0,Graduate
109.0,1,0,46,0,8,11.375,5,11.8,Graduate
100.0,1,0,27,1,18,12.22222222222222,12,12.384615384615383,Graduate
144.7,1,0,20,1,0,0.0,0,0.0,Enrolled
120.0,1,0,41,1,9,12.0,6,12.0,Graduate
100.0,1,0,40,1,1,11.0,1,10.0,Enrolled
154.0,1,0,37,1,16,14.125,10,13.0,Graduate
111.3,1,0,20,1,5,10.2,5,11.2,Enrolled
150.0,1,0,20,0,4,12.0,4,12.4,Enrolled
100.0,1,0,26,0,9,12.333333333333334,7,12.571428571428571,Graduate
162.5,1,0,54,1,9,14.333333333333334,7,13.857142857142858,Graduate
134.1,1,0,21,1,6,15.166666666666666,6,14.0,Graduate
133.0,1,1,20,0,6,15.142857142857142,6,15.142857142857142,Graduate
119.0,1,0,18,0,0,0.0,0,0.0,Dropout
131.1,1,0,19,0,6,13.411428571428573,7,13.294444444444444,Enrolled
129.4,1,0,18,0,6,12.333333333333334,6,12.166666666666666,Graduate
123.9,1,0,19,0,4,11.8,4,12.2,Enrolled
140.0,1,0,22,0,6,12.0,3,12.0,Dropout
162.0,1,0,19,0,6,15.0,6,15.625,Graduate
131.6,1,0,21,0,8,13.875,9,12.7,Dropout
110.6,1,0,20,0,6,11.833333333333334,6,14.333333333333334,Enrolled
117.4,1,1,18,0,6,12.5,6,13.833333333333334,Graduate
137.8,1,1,18,0,6,15.0,6,15.5,Graduate
106.7,1,0,20,0,2,11.666666666666666,4,10.5,Dropout
156.9,1,1,18,0,7,14.668,8,14.63375,Graduate
129.0,1,0,18,0,6,13.345,6,13.345,Enrolled
124.8,1,1,20,0,5,12.8,6,12.333333333333334,Graduate
115.1,1,0,19,0,6,10.833333333333334,6,12.142857142857142,Graduate
146.7,1,0,18,0,6,13.666666666666666,5,14.0,Graduate
132.8,1,0,18,0,7,14.537142857142856,7,14.537142857142856,Graduate
159.1,1,1,18,0,5,14.4,5,14.0,Dropout
137.6,1,1,20,0,0,0.0,0,0.0,Graduate
124.0,1,1,19,0,6,13.166666666666666,6,13.833333333333334,Graduate
149.0,0,0,36,1,2,11.5,0,0.0,Dropout
129.6,1,1,19,0,6,11.333333333333334,6,12.428571428571429,Graduate
110.0,1,0,18,0,6,12.0,5,13.6,Graduate
116.1,1,1,18,0,6,13.166666666666666,6,12.166666666666666,Graduate
133.3,1,1,18,0,6,14.833333333333334,6,14.166666666666666,Graduate
144.3,1,0,19,0,7,13.0,9,13.22222222222222,Graduate
133.6,1,0,18,0,7,13.087142857142856,8,12.95,Graduate
123.2,1,1,19,0,6,13.333333333333334,6,13.666666666666666,Graduate
137.2,1,0,18,0,6,12.166666666666666,4,12.75,Enrolled
130.0,0,1,22,0,6,11.0,4,12.0,Enrolled
110.0,0,0,18,0,0,0.0,0,0.0,Dropout
118.0,1,0,19,0,5,13.6,5,12.2,Graduate
128.4,1,0,18,0,6,15.5,6,14.0,Graduate
113.6,1,0,19,0,7,13.857142857142858,7,14.285714285714286,Graduate
113.5,1,0,20,0,2,11.5,3,10.0,Enrolled
146.9,1,1,18,0,6,13.0,6,12.166666666666666,Graduate
141.3,0,0,23,0,6,14.0,4,13.0,Enrolled
129.7,1,0,20,0,0,0.0,0,0.0,Dropout
121.3,1,0,20,0,6,11.166666666666666,6,11.5,Enrolled
109.1,0,1,22,0,0,0.0,0,0.0,Dropout
107.1,1,1,18,0,7,12.142857142857142,6,13.666666666666666,Graduate
129.2,1,1,18,0,7,14.145714285714286,8,13.627777777777778,Graduate
154.1,1,0,18,0,7,14.45,8,14.144444444444444,Graduate
147.2,1,0,18,0,7,15.714285714285714,7,15.0,Graduate
120.0,1,0,21,0,5,12.8,3,12.666666666666666,Enrolled
130.8,1,0,20,0,6,12.5,6,11.5,Enrolled
120.8,1,0,18,0,6,14.5,6,12.833333333333334,Graduate
125.4,0,1,20,0,7,13.462857142857144,7,13.164285714285716,Enrolled
121.3,1,0,25,0,6,12.833333333333334,6,12.833333333333334,Graduate
127.0,1,1,18,0,5,12.0,4,11.6,Graduate
151.6,1,0,19,0,0,0.0,0,0.0,Graduate
131.6,1,0,20,0,6,14.714285714285714,6,13.2,Enrolled
106.0,1,1,20,0,6,12.571428571428571,6,13.285714285714286,Graduate
111.6,1,1,21,0,6,12.5,6,11.5,Graduate
117.3,1,0,18,0,6,14.0,5,14.0,Graduate
121.4,1,0,18,0,7,11.571428571428571,6,13.166666666666666,Dropout
126.1,1,1,18,0,6,15.833333333333334,6,15.333333333333334,Graduate
137.0,1,0,18,0,8,14.25,8,14.25,Graduate
120.8,1,0,19,0,0,0.0,0,0.0,Dropout
128.7,1,0,20,0,6,11.666666666666666,6,11.0,Dropout
118.0,1,0,47,0,0,0.0,0,0.0,Dropout
120.0,1,0,21,0,5,13.2,2,12.5,Enrolled
160.0,1,0,31,1,2,12.0,1,10.0,Dropout
150.0,1,0,46,1,0,0.0,0,0.0,Dropout
121.8,1,0,18,1,4,12.0,2,11.0,Enrolled
125.4,1,0,19,1,3,13.333333333333334,4,10.75,Dropout
126.6,1,0,23,1,5,12.414285714285713,2,13.5,Enrolled
150.0,0,0,22,1,0,0.0,0,0.0,Dropout
114.5,1,0,19,1,5,13.8,5,12.4,Graduate
107.0,0,0,19,0,0,0.0,0,0.0,Dropout
115.7,0,0,22,1,4,11.5,4,14.0,Enrolled
120.0,0,0,29,1,0,0.0,0,0.0,Dropout
134.8,1,0,18,0,6,14.016666666666666,6,14.016666666666666,Graduate
133.6,1,0,18,0,5,11.4,5,10.8,Graduate
129.0,0,1,23,0,0,0.0,0,0.0,Dropout
128.4,1,0,34,0,5,10.4,5,12.0,Graduate
122.2,1,0,19,0,3,10.666666666666666,4,10.25,Graduate
113.3,1,0,18,0,4,14.25,5,12.714285714285714,Enrolled
129.9,1,1,20,0,7,13.914285714285713,8,14.10625,Graduate
126.2,1,0,19,0,7,13.761111111111113,7,12.82375,Graduate
112.6,1,0,22,0,5,12.6,4,11.25,Enrolled
149.0,1,1,23,0,6,13.857142857142858,6,14.166666666666666,Graduate
120.0,1,1,34,1,7,13.842857142857143,7,13.842857142857143,Graduate
120.4,0,0,18,1,0,0.0,0,0.0,Enrolled
128.1,1,0,21,1,5,11.8,0,0.0,Dropout
141.7,1,0,22,1,6,12.666666666666666,6,13.833333333333334,Dropout
130.0,1,0,28,1,0,0.0,0,0.0,Dropout
113.3,1,0,23,1,0,0.0,0,0.0,Dropout
105.9,1,0,20,1,4,10.75,2,10.0,Dropout
122.7,1,0,18,1,5,12.6,3,13.25,Dropout
120.0,0,0,28,1,0,0.0,0,0.0,Dropout
119.8,1,0,21,1,2,12.0,7,12.142857142857142,Dropout
122.9,0,0,25,1,3,14.0,2,14.5,Dropout
160.0,0,0,19,1,6,14.0,6,13.5,Dropout
125.2,1,1,18,1,7,14.682857142857143,8,15.055555555555555,Graduate
143.4,1,0,29,1,0,0.0,0,0.0,Dropout
96.7,1,1,29,1,0,0.0,0,0.0,Dropout
126.9,1,0,20,1,6,13.857142857142858,5,12.8,Graduate
143.1,1,0,18,1,0,0.0,0,0.0,Graduate
114.5,1,0,20,1,6,13.142857142857142,6,12.5,Graduate
140.0,1,0,33,1,1,18.0,2,13.0,Dropout
113.7,1,0,30,1,13,11.461538461538462,10,11.583333333333334,Graduate
131.5,1,1,21,1,5,11.2,6,11.583333333333334,Enrolled
143.5,1,0,18,1,5,15.0,4,14.5,Graduate
126.8,1,1,19,1,7,14.244444444444444,8,12.233333333333333,Graduate
115.2,1,1,21,1,4,11.5,5,11.0,Dropout
100.0,1,1,25,1,2,10.0,0,0.0,Dropout
121.4,1,0,19,1,3,12.333333333333334,5,11.6,Graduate
120.0,1,0,23,1,5,12.2,7,12.142857142857142,Dropout
129.9,1,1,19,1,6,13.666666666666666,5,13.2,Graduate
151.1,1,0,19,1,0,0.0,0,0.0,Graduate
120.0,0,0,31,1,1,11.0,0,0.0,Dropout
130.0,0,0,32,1,3,13.0,6,11.428571428571429,Dropout
119.0,1,1,19,0,7,12.599999999999998,7,12.599999999999998,Graduate
122.0,1,0,34,0,10,12.2,9,12.333333333333334,Graduate
129.7,1,0,21,0,6,13.166666666666666,6,13.0,Graduate
112.5,1,1,53,0,6,11.0,7,11.0,Graduate
136.0,1,1,19,0,7,14.014285714285714,8,15.35,Graduate
133.1,1,1,20,0,4,13.0,4,11.25,Graduate
151.3,1,0,18,0,6,14.0,6,14.666666666666666,Graduate
133.3,0,0,32,0,0,0.0,0,0.0,Dropout
130.8,1,1,21,0,7,14.428571428571429,7,14.428571428571429,Graduate
140.0,0,0,26,0,0,0.0,0,0.0,Dropout
150.0,1,0,26,0,18,11.833333333333334,13,12.461538461538462,Graduate
130.0,0,0,21,0,3,11.333333333333334,1,13.0,Dropout
125.3,1,0,18,0,6,12.5,6,13.0,Graduate
124.0,1,1,21,0,12,13.333333333333334,11,12.545454545454543,Graduate
113.8,1,0,21,0,6,10.833333333333334,4,11.0,Enrolled
124.4,1,1,19,0,6,13.0,6,14.0,Graduate
107.7,1,0,19,0,2,10.0,2,14.0,Dropout
110.0,1,1,19,0,6,11.428571428571429,5,11.2,Graduate
130.0,1,0,27,0,8,12.8875,8,12.8875,Graduate
138.8,1,1,18,0,6,12.95,6,12.95,Graduate
126.3,1,0,20,0,1,10.0,0,0.0,Dropout
114.5,1,1,19,0,7,13.094285714285714,8,12.55,Graduate
116.5,1,0,20,0,0,0.0,0,0.0,Dropout
128.6,1,1,19,0,5,11.714285714285714,6,11.0,Graduate
130.0,1,0,20,0,4,11.25,3,10.0,Enrolled
134.6,1,0,20,0,0,0.0,0,0.0,Dropout
146.8,1,0,18,0,6,13.166666666666666,6,13.333333333333334,Graduate
135.7,1,0,20,0,4,12.75,5,13.4,Graduate
120.0,0,0,38,0,5,10.6,2,11.0,Dropout
138.0,1,0,42,0,5,11.2,6,12.0,Graduate
135.5,1,0,32,0,0,0.0,0,0.0,Dropout
120.0,1,0,22,0,6,13.0,6,13.666666666666666,Graduate
111.7,1,0,28,0,0,0.0,0,0.0,Dropout
100.0,1,0,37,0,0,0.0,0,0.0,Dropout
160.0,1,0,43,0,6,14.166666666666666,6,15.0,Graduate
114.8,1,1,41,0,5,12.833333333333334,6,12.333333333333334,Graduate
131.0,1,1,29,0,4,11.75,5,10.4,Graduate
97.0,1,1,35,0,6,10.833333333333334,6,11.5,Graduate
131.7,1,0,18,0,4,11.75,4,12.25,Dropout
120.0,0,1,39,0,3,11.5,2,10.5,Dropout
110.0,1,0,37,0,2,10.0,3,11.333333333333334,Enrolled
133.0,1,1,26,0,6,13.7,6,13.7,Graduate
140.0,1,0,32,0,1,14.0,0,0.0,Dropout
100.0,1,0,37,0,7,11.375,6,12.166666666666666,Enrolled
129.3,1,0,28,0,0,0.0,0,0.0,Enrolled
137.0,1,0,19,0,0,0.0,0,0.0,Dropout
122.2,1,0,18,0,1,11.0,2,12.5,Enrolled
108.0,1,1,19,0,6,13.0,7,13.285714285714286,Graduate
110.0,1,0,32,0,8,13.6,8,15.11111111111111,Graduate
127.7,1,0,31,0,3,11.0,2,11.5,Dropout
121.3,1,0,34,0,7,11.705714285714285,7,11.705714285714285,Enrolled
140.1,1,0,20,0,12,13.25,11,14.333333333333334,Graduate
114.8,1,0,28,0,1,10.75,1,10.0,Dropout
150.0,1,0,31,0,6,12.0,7,13.428571428571429,Enrolled
131.7,1,0,18,0,6,12.666666666666666,4,12.25,Enrolled
110.0,0,0,31,0,5,11.4,3,11.0,Dropout
105.5,1,0,19,0,6,13.0,5,12.4,Graduate
127.3,1,1,19,0,6,14.0,6,12.285714285714286,Graduate
130.0,1,0,31,0,0,0.0,0,0.0,Enrolled
130.0,1,0,34,0,0,0.0,0,0.0,Dropout
122.7,1,1,18,0,7,15.285714285714286,8,16.075,Graduate
113.9,1,0,18,0,6,13.166666666666666,6,12.666666666666666,Graduate
151.1,1,0,19,1,5,13.6,5,12.833333333333334,Graduate
125.8,0,1,22,1,0,0.0,0,0.0,Dropout
128.2,1,0,32,1,10,11.4,4,11.5,Graduate
135.1,1,0,61,1,0,0.0,0,0.0,Dropout
120.2,1,0,30,1,5,11.0,5,11.6,Graduate
132.8,0,0,45,1,0,0.0,0,0.0,Dropout
140.0,1,0,20,1,6,13.571428571428571,6,12.666666666666666,Graduate
129.3,1,0,19,0,0,0.0,0,0.0,Dropout
108.2,1,0,26,1,4,11.25,4,12.0,Dropout
125.4,1,0,19,1,3,13.333333333333334,1,11.0,Dropout
140.2,1,1,19,1,6,12.0,6,11.666666666666666,Graduate
116.1,1,0,19,1,6,12.5,5,13.0,Graduate
137.8,1,1,19,1,5,13.2,5,12.666666666666666,Graduate
128.4,0,0,19,1,0,0.0,0,0.0,Dropout
106.0,0,0,28,1,3,11.666666666666666,2,11.5,Dropout
130.2,1,0,24,1,15,13.466666666666669,14,13.642857142857142,Graduate
126.0,1,0,18,1,3,13.666666666666666,5,13.2,Graduate
141.0,1,0,18,1,2,11.666666666666666,2,12.5,Enrolled
113.0,1,1,18,1,6,11.666666666666666,5,10.2,Graduate
120.0,1,0,21,1,5,13.4,5,12.4,Graduate
130.9,0,0,28,1,0,0.0,0,0.0,Dropout
120.0,1,0,58,1,0,0.0,0,0.0,Dropout
134.1,0,0,49,1,0,0.0,0,0.0,Dropout
120.0,1,0,24,1,3,10.666666666666666,2,10.5,Enrolled
114.8,1,0,25,1,4,13.75,4,14.75,Graduate
123.0,1,0,33,1,1,10.0,0,0.0,Dropout
118.0,0,0,33,1,0,0.0,0,0.0,Dropout
100.0,1,0,40,1,1,16.0,4,15.5,Graduate
151.1,1,0,48,1,5,12.285714285714286,5,11.125,Graduate
116.9,0,0,18,1,3,12.0,3,10.333333333333334,Enrolled
106.0,1,0,24,1,6,12.666666666666666,6,12.666666666666666,Graduate
127.1,1,1,23,1,5,11.8,4,13.25,Graduate
155.5,0,0,39,1,5,10.6,5,14.666666666666666,Dropout
101.0,1,0,21,1,9,11.9,8,12.25,Graduate
128.2,1,0,34,1,4,11.25,2,10.5,Dropout
113.0,1,1,41,1,4,11.0,5,11.4,Enrolled
122.8,1,0,18,1,6,12.0,6,12.5,Graduate
145.6,1,0,34,1,4,11.75,4,10.833333333333334,Enrolled
116.5,1,0,19,1,2,10.0,1,16.0,Dropout
142.0,1,0,19,1,7,13.714285714285714,7,13.714285714285714,Graduate
150.0,1,0,28,1,6,14.875,6,15.8,Graduate
133.3,1,0,18,1,5,10.8,0,0.0,Dropout
115.8,1,0,19,1,3,12.0,2,10.0,Dropout
100.0,0,0,19,1,5,12.5,2,13.5,Dropout
128.6,1,0,18,0,7,14.728571428571428,8,16.327272727272728,Graduate
137.1,1,0,18,0,6,12.0,5,14.8,Graduate
149.0,1,0,18,0,6,11.428571428571429,6,11.0,Dropout
147.0,1,0,19,0,6,14.166666666666666,6,13.5,Graduate
150.0,1,0,31,0,5,12.5,5,14.6,Graduate
103.5,1,1,33,0,6,14.166666666666666,6,14.333333333333334,Graduate
107.8,1,1,20,0,5,14.46,6,13.55,Enrolled
130.0,1,0,22,0,5,12.8,2,11.5,Enrolled
109.4,1,0,19,0,6,12.666666666666666,5,13.4,Graduate
143.6,1,0,18,0,6,12.5,6,13.0,Dropout
124.3,1,0,18,0,0,0.0,0,0.0,Dropout
119.5,0,0,18,0,0,0.0,0,0.0,Dropout
175.6,1,0,18,0,0,0.0,0,0.0,Graduate
116.1,1,1,19,0,5,11.2,3,11.0,Graduate
126.6,1,0,18,0,6,16.5,6,17.428571428571427,Dropout
130.8,1,0,18,0,3,13.666666666666666,5,12.0,Graduate
133.5,1,1,18,0,7,15.228571428571428,7,15.228571428571428,Graduate
136.9,1,0,21,0,9,12.77777777777778,9,13.22222222222222,Graduate
142.3,1,1,18,0,7,14.428571428571429,7,14.428571428571429,Graduate
114.3,1,0,18,0,6,13.875,6,13.714285714285714,Graduate
122.9,1,0,18,0,7,13.128,6,13.193333333333332,Graduate
117.2,1,0,20,0,6,11.605,7,12.4125,Graduate
152.0,1,1,18,0,5,14.6,5,12.0,Graduate
122.2,1,0,18,0,0,0.0,0,0.0,Dropout
101.7,1,1,20,0,5,11.8,5,11.6,Graduate
119.9,1,0,20,0,6,12.333333333333334,6,12.333333333333334,Graduate
123.7,1,1,19,0,4,11.0,0,0.0,Dropout
121.8,1,1,19,0,11,13.181818181818182,11,12.909090909090908,Graduate
106.1,0,1,18,0,1,11.0,0,0.0,Dropout
124.3,1,1,19,0,6,11.833333333333334,6,12.285714285714286,Graduate
124.3,1,1,20,0,8,12.98125,8,12.98125,Graduate
117.4,1,0,21,0,6,11.333333333333334,5,11.2,Graduate
112.7,1,0,21,0,6,11.68,6,11.68,Graduate
123.7,1,0,20,0,6,14.5,6,13.5,Graduate
105.8,1,0,19,0,7,13.142857142857142,7,12.857142857142858,Graduate
124.2,0,0,21,0,2,11.5,2,10.5,Dropout
122.3,1,0,18,0,5,14.2,5,11.8,Graduate
123.7,1,1,19,0,5,11.666666666666666,5,12.2,Graduate
129.8,1,0,18,0,7,13.175,8,14.875,Graduate
123.8,1,1,19,0,7,13.314285714285717,7,13.314285714285717,Graduate
126.4,1,1,18,0,3,10.6,3,10.5,Graduate
115.1,1,1,18,0,4,12.0,4,10.75,Enrolled
138.4,1,0,18,0,6,13.428571428571429,6,14.142857142857142,Graduate
118.2,1,1,18,0,4,13.25,5,15.571428571428571,Graduate
121.7,1,0,18,0,2,13.0,0,0.0,Dropout
118.0,1,1,18,0,6,14.333333333333334,6,14.0,Enrolled
119.8,1,0,18,0,0,0.0,0,0.0,Dropout
164.9,1,0,18,0,6,14.0,6,13.166666666666666,Graduate
100.0,1,1,20,0,2,12.0,6,12.833333333333334,Graduate
121.6,1,0,18,0,5,12.333333333333334,5,10.6,Enrolled
120.4,1,0,18,0,5,11.8,5,10.4,Graduate
117.8,1,1,20,0,7,12.791428571428572,7,12.791428571428572,Graduate
110.0,1,0,40,0,8,11.625,5,11.2,Graduate
128.8,1,1,18,0,6,11.994444444444444,7,12.43142857142857,Graduate
116.6,1,0,19,0,5,11.6,5,12.2,Graduate
120.0,1,0,24,0,0,0.0,0,0.0,Dropout
157.5,1,0,19,0,6,13.166666666666666,6,13.166666666666666,Dropout
136.3,1,0,19,0,7,14.1,7,14.1,Graduate
121.5,1,1,20,0,6,12.396666666666668,7,12.94285714285714,Graduate
133.9,1,0,18,0,7,15.014285714285714,8,16.0875,Graduate
136.8,1,1,18,0,0,0.0,0,0.0,Graduate
133.5,1,0,19,0,7,14.05,8,15.1,Graduate
130.0,1,0,18,0,7,14.85,8,15.2,Dropout
140.0,1,0,19,0,6,13.0,5,13.0,Graduate
132.7,1,1,19,0,7,14.7875,8,15.8625,Graduate
117.8,1,1,19,0,7,13.7,7,14.671428571428574,Graduate
126.1,1,1,19,0,7,12.495714285714286,7,12.242857142857144,Dropout
120.0,1,0,19,0,6,14.566666666666668,6,14.566666666666668,Graduate
100.0,0,0,25,0,5,11.2,4,11.25,Dropout
116.8,1,0,20,0,7,12.685714285714283,7,12.685714285714283,Graduate
128.3,0,0,23,0,7,13.571428571428571,4,13.25,Dropout
117.0,1,0,20,0,0,0.0,0,0.0,Dropout
131.5,1,0,27,0,5,11.0,6,11.166666666666666,Graduate
134.8,1,0,18,0,8,14.445,8,14.445,Graduate
146.6,1,0,18,0,5,13.6,4,11.75,Enrolled
130.0,0,0,23,0,11,14.0,8,14.625,Dropout
127.5,1,1,19,0,6,13.416666666666666,6,13.416666666666666,Graduate
123.0,1,0,18,0,5,12.333333333333334,5,11.4,Graduate
100.0,1,0,20,0,7,13.1,8,14.8125,Graduate
114.2,1,0,18,0,4,13.2,5,12.8,Graduate
123.5,1,1,19,0,8,14.75,8,14.75,Graduate
144.3,1,1,19,0,6,13.142857142857142,6,14.333333333333334,Graduate
142.2,1,0,19,0,4,12.5,5,12.5,Enrolled
161.9,1,0,18,0,4,13.75,5,14.857142857142858,Graduate
135.9,1,0,18,0,5,12.4,6,13.0,Graduate
110.1,1,0,18,0,6,13.333333333333334,6,12.0,Graduate
122.5,0,0,28,0,11,11.727272727272728,8,12.0,Dropout
138.1,1,0,19,0,4,12.5,1,14.0,Dropout
117.3,1,0,20,0,0,0.0,0,0.0,Dropout
106.8,1,1,19,0,6,13.533333333333331,7,13.614285714285714,Graduate
120.1,1,1,20,0,6,13.166666666666666,6,12.666666666666666,Graduate
116.5,1,1,19,0,5,13.2,5,11.0,Graduate
120.0,1,0,21,0,5,12.2,4,12.6,Enrolled
139.7,1,1,19,0,7,13.428571428571429,7,14.857142857142858,Graduate
123.7,1,1,18,0,6,12.714285714285714,6,12.625,Graduate
116.5,1,0,19,0,0,0.0,0,0.0,Dropout
122.2,1,1,19,0,6,13.666666666666666,6,13.666666666666666,Graduate
146.0,1,0,20,0,5,11.0,6,13.166666666666666,Graduate
108.8,1,0,18,0,5,11.4,6,13.333333333333334,Enrolled
133.0,1,0,18,0,0,0.0,0,0.0,Enrolled
123.8,1,0,18,0,4,12.0,5,12.0,Graduate
120.0,1,0,18,0,0,0.0,0,0.0,Dropout
126.9,1,0,18,0,5,11.0,6,11.666666666666666,Graduate
121.3,1,0,20,0,5,12.0,6,11.571428571428571,Dropout
129.0,1,1,19,0,7,13.308571428571428,8,12.55,Graduate
114.9,0,0,21,0,3,13.666666666666666,3,10.666666666666666,Dropout
106.5,0,0,20,0,0,0.0,0,0.0,Dropout
133.9,1,0,18,0,5,12.2,4,11.25,Graduate
124.9,1,1,20,0,6,12.666666666666666,6,12.833333333333334,Graduate
128.5,1,1,19,0,8,14.07125,8,14.07125,Graduate
126.2,1,0,22,0,4,14.25,5,13.2,Dropout
121.7,0,0,22,0,0,0.0,0,0.0,Dropout
120.0,1,0,18,0,3,12.0,4,10.25,Enrolled
113.2,1,0,21,0,6,11.166666666666666,7,10.571428571428571,Enrolled
120.3,1,0,19,0,2,13.0,5,11.6,Graduate
127.8,1,0,19,0,0,0.0,0,0.0,Dropout
123.3,1,1,20,0,7,14.901428571428571,7,14.901428571428571,Dropout
126.3,1,1,18,0,7,12.65,8,12.445555555555554,Graduate
128.2,0,0,22,0,7,11.0,5,10.6,Dropout
134.9,1,0,20,0,4,12.4,5,12.666666666666666,Graduate
140.0,1,0,19,0,6,12.0,6,12.666666666666666,Graduate
115.5,1,1,19,0,7,12.135714285714286,7,13.328571428571427,Graduate
106.7,1,1,20,0,5,12.62,6,12.5,Enrolled
140.0,1,0,25,0,3,10.666666666666666,3,11.333333333333334,Enrolled
136.6,1,1,19,0,6,13.766666666666666,7,14.051428571428572,Graduate
119.3,1,0,19,0,8,13.11625,8,13.11625,Graduate
152.0,0,0,19,0,0,0.0,0,0.0,Dropout
144.3,1,0,20,0,6,12.7,7,13.571428571428571,Graduate
159.0,1,0,25,0,7,11.857142857142858,5,11.7,Enrolled
129.5,1,1,20,0,6,12.333333333333334,6,12.333333333333334,Graduate
140.0,1,0,24,0,4,15.75,5,16.4,Enrolled
105.4,1,0,20,0,5,13.333333333333334,5,13.2,Graduate
136.0,1,0,21,0,7,14.355555555555554,8,13.49375,Graduate
160.0,1,1,19,0,6,13.0,5,13.0,Graduate
139.1,1,1,19,0,6,12.833333333333334,6,13.5,Graduate
126.9,1,1,21,0,5,13.2,4,13.0,Graduate
184.0,1,0,28,0,7,17.005555555555556,8,16.582222222222224,Graduate
125.0,0,1,19,0,5,10.6,5,11.0,Graduate
138.5,1,1,18,0,5,14.0,5,13.6,Graduate
133.5,1,1,18,0,7,12.114285714285714,7,12.114285714285714,Graduate
141.5,1,1,18,0,8,13.05875,8,13.05875,Graduate
130.0,1,0,22,0,7,13.285714285714286,7,13.285714285714286,Graduate
131.0,1,0,19,0,4,11.0,3,10.666666666666666,Enrolled
145.0,1,1,18,0,7,14.071428571428571,8,15.1625,Graduate
114.3,0,0,20,0,0,0.0,0,0.0,Dropout
108.3,0,0,26,0,4,11.25,3,11.0,Dropout
125.2,1,1,18,0,6,14.0,6,13.625,Graduate
131.7,1,1,21,0,6,12.166666666666666,3,11.666666666666666,Dropout
126.3,1,0,18,0,7,13.297142857142855,7,13.297142857142855,Graduate
147.6,1,0,20,0,6,13.923076923076923,6,14.25,Graduate
125.1,1,0,18,0,7,13.37,7,12.833333333333334,Graduate
123.8,1,1,19,0,5,12.4,3,11.0,Enrolled
130.8,1,0,20,0,4,15.0,4,13.75,Dropout
154.1,1,1,18,0,6,13.333333333333334,6,12.571428571428571,Graduate
122.6,1,1,20,0,3,12.0,4,12.625,Enrolled
103.5,1,0,22,0,5,13.4,5,12.2,Graduate
132.8,1,0,18,0,0,0.0,0,0.0,Enrolled
100.0,1,0,21,0,4,11.5,5,11.4,Graduate
115.8,1,0,18,0,6,12.0,6,12.166666666666666,Enrolled
133.8,1,0,18,0,7,13.485714285714284,7,13.485714285714284,Graduate
118.5,1,1,18,0,6,12.0,6,11.285714285714286,Graduate
150.3,1,0,19,0,0,0.0,0,0.0,Dropout
107.8,1,0,19,0,3,10.333333333333334,3,14.428571428571429,Enrolled
127.5,1,0,19,0,5,12.94,5,13.76,Enrolled
120.5,1,0,19,0,7,13.258571428571427,7,13.258571428571427,Graduate
117.3,1,0,19,0,4,12.25,4,12.0,Enrolled
120.6,0,0,19,0,3,11.666666666666666,1,10.0,Dropout
118.7,1,1,21,0,6,13.571428571428571,6,12.5,Graduate
130.8,1,1,20,0,5,11.8,5,11.833333333333334,Graduate
112.6,1,1,20,0,5,14.2,5,13.285714285714286,Graduate
117.2,1,0,41,0,5,11.0,5,11.8,Graduate
130.0,1,0,32,0,4,13.625,7,12.6375,Enrolled
131.8,1,0,18,0,7,14.652857142857142,7,14.652857142857142,Graduate
97.0,1,1,35,0,6,11.333333333333334,6,11.333333333333334,Graduate
130.0,0,0,32,0,4,13.7,0,0.0,Dropout
148.0,1,0,37,0,11,13.727272727272728,8,14.75,Graduate
103.4,1,0,30,0,7,11.75,7,11.142857142857142,Dropout
127.1,1,0,23,1,6,12.333333333333334,5,13.0,Graduate
124.0,1,1,20,0,6,14.0,6,13.857142857142858,Dropout
121.4,1,0,21,1,4,11.5,4,11.75,Graduate
118.1,1,0,19,1,5,11.2,5,13.2,Graduate
121.3,1,1,18,1,7,15.07,7,15.07,Graduate
119.5,1,0,18,1,1,10.0,1,12.0,Dropout
115.2,1,0,24,1,4,12.0,5,12.666666666666666,Enrolled
130.2,1,0,22,1,4,13.0,4,12.6,Graduate
130.0,1,0,18,1,4,11.0,3,11.25,Dropout
126.9,1,0,18,0,6,13.571428571428571,5,12.166666666666666,Graduate
168.5,1,0,21,1,5,14.6,5,14.2,Graduate
130.0,1,0,38,0,3,11.833333333333334,2,10.0,Dropout
122.8,1,1,19,0,7,12.625,8,12.5125,Graduate
110.0,1,0,36,0,4,11.5,3,12.333333333333334,Dropout
127.1,1,0,18,0,4,13.25,4,10.5,Graduate
108.5,1,0,19,0,7,12.60625,6,11.9,Graduate
138.2,0,0,21,0,8,13.75,5,13.2,Dropout
96.0,1,0,19,0,6,13.598333333333334,6,11.933333333333332,Enrolled
124.5,1,1,18,0,5,11.142857142857142,6,12.285714285714286,Graduate
120.0,1,0,45,0,11,12.7,10,12.96818181818182,Enrolled
132.3,1,0,20,0,1,10.0,1,11.0,Dropout
120.7,1,0,18,0,6,11.666666666666666,4,11.5,Graduate
132.6,1,1,18,0,6,14.0,6,13.142857142857142,Graduate
140.0,1,0,25,0,0,0.0,0,0.0,Dropout
124.5,1,0,19,0,7,12.04142857142857,7,12.04142857142857,Graduate
142.0,1,1,18,0,0,0.0,0,0.0,Graduate
130.0,1,0,39,0,13,13.76923076923077,12,14.583333333333334,Graduate
144.0,1,0,29,0,18,15.444444444444445,13,15.307692307692308,Graduate
128.5,1,0,18,0,6,11.5,7,12.714285714285714,Enrolled
140.0,0,0,23,0,2,10.0,0,0.0,Dropout
113.9,1,0,21,0,4,12.25,3,10.333333333333334,Dropout
137.2,0,0,18,0,6,14.5,6,15.166666666666666,Graduate
140.0,1,0,23,0,6,15.571428571428571,6,16.375,Graduate
152.3,1,0,18,0,6,15.571428571428571,6,14.714285714285714,Graduate
112.5,1,0,32,0,5,13.8,6,12.166666666666666,Graduate
101.0,0,0,29,0,3,10.666666666666666,2,14.8,Dropout
112.3,1,1,20,0,5,11.6,4,11.75,Graduate
114.0,0,0,28,0,1,13.0,0,0.0,Dropout
130.0,1,0,27,0,3,12.0,4,13.625,Graduate
121.5,1,0,22,0,12,12.333333333333334,12,12.333333333333334,Graduate
120.0,1,0,37,0,6,12.875,6,12.9,Enrolled
130.0,0,0,28,0,1,11.0,0,0.0,Dropout
125.7,0,0,43,0,4,12.25,4,10.5,Dropout
128.0,0,0,32,0,0,0.0,0,0.0,Dropout
113.2,1,1,20,0,4,10.75,5,11.5,Enrolled
120.0,1,1,35,0,8,13.63,8,13.63,Graduate
117.8,1,0,21,0,3,13.0,4,11.5,Graduate
121.3,1,1,18,0,6,13.533333333333331,7,12.228571428571428,Enrolled
169.7,1,1,18,0,7,16.9,8,16.37777777777778,Graduate
117.7,1,0,18,0,5,12.0,4,12.0,Graduate
121.8,1,0,22,0,6,12.5,6,13.285714285714286,Graduate
128.3,1,0,19,0,7,12.764285714285714,7,12.764285714285714,Graduate
132.2,1,1,18,0,5,13.75,5,12.166666666666666,Graduate
134.3,1,0,19,0,0,0.0,0,0.0,Dropout
123.4,1,1,18,0,7,14.604285714285712,8,15.68333333333333,Graduate
121.7,0,0,31,0,0,0.0,0,0.0,Dropout
130.0,1,1,33,0,5,13.833333333333334,6,12.5,Graduate
126.5,1,1,19,0,8,13.57625,8,13.57625,Graduate
159.7,1,1,18,0,6,15.142857142857142,6,15.833333333333334,Graduate
151.3,1,0,23,0,3,10.666666666666666,5,11.6,Graduate
138.0,1,0,20,0,5,11.2,6,12.0,Graduate
126.5,1,0,18,0,8,13.76375,8,13.76375,Graduate
140.0,1,0,21,0,8,13.25,5,12.2,Enrolled
112.3,1,1,22,0,5,10.714285714285714,5,12.2,Graduate
127.3,1,0,20,0,6,12.166666666666666,6,11.666666666666666,Graduate
130.0,1,0,23,0,6,14.357142857142858,6,14.357142857142858,Graduate
115.0,1,0,19,0,6,12.833333333333334,6,12.666666666666666,Graduate
131.5,1,0,19,0,7,13.925714285714283,7,13.925714285714283,Graduate
125.7,1,0,26,0,2,12.0,3,11.0,Dropout
126.8,1,0,18,0,7,13.44285714285714,8,13.744444444444444,Graduate
132.4,1,0,18,1,1,16.0,0,0.0,Dropout
150.0,1,0,20,1,6,13.125,6,13.2,Graduate
95.0,1,0,19,1,0,0.0,0,0.0,Dropout
128.2,0,0,32,1,5,11.4,4,11.0,Dropout
130.0,0,0,31,1,2,11.0,3,11.666666666666666,Dropout
100.0,1,0,25,1,1,11.0,1,10.0,Enrolled
159.9,1,0,21,0,5,13.666666666666666,5,13.0,Graduate
100.0,0,0,31,0,4,11.75,1,10.0,Dropout
116.5,1,0,34,0,1,10.0,1,13.0,Dropout
120.0,1,1,18,0,6,13.5,6,12.833333333333334,Graduate
117.0,1,0,19,0,0,0.0,0,0.0,Dropout
140.0,1,0,21,0,1,12.0,1,11.0,Enrolled
118.1,0,0,18,0,3,13.0,5,11.8,Dropout
153.5,1,0,20,0,6,14.833333333333334,6,16.0,Graduate
127.9,1,0,20,0,6,11.833333333333334,6,12.857142857142858,Graduate
118.8,1,1,18,0,5,12.0,5,12.333333333333334,Graduate
126.7,1,0,19,0,4,12.75,6,11.333333333333334,Graduate
170.0,1,0,19,0,0,0.0,4,14.75,Enrolled
110.0,1,1,30,0,0,0.0,1,10.0,Dropout
115.0,1,0,19,0,6,12.0,6,12.857142857142858,Graduate
119.0,1,0,19,0,7,11.677777777777775,8,13.8,Graduate
121.8,1,1,19,0,7,13.6,7,13.6,Graduate
133.4,1,0,19,0,6,16.0,6,15.875,Graduate
131.4,1,0,20,0,5,11.8,6,11.5,Graduate
135.0,1,0,25,1,0,0.0,2,14.0,Dropout
122.8,1,0,19,1,0,0.0,0,0.0,Dropout
140.0,1,1,34,0,6,16.142857142857142,6,16.2,Graduate
125.3,1,1,18,0,7,11.785714285714286,7,11.785714285714286,Graduate
126.3,1,1,18,0,8,13.42375,8,13.42375,Graduate
100.0,1,0,20,0,6,12.5,5,14.166666666666666,Graduate
121.3,1,1,20,0,7,12.464285714285714,7,12.464285714285714,Graduate
135.0,1,0,23,0,8,12.375,5,12.6,Enrolled
120.0,1,0,28,0,1,10.0,0,0.0,Dropout
113.7,1,0,18,0,5,12.6,6,12.428571428571429,Enrolled
129.7,1,0,19,0,5,12.6,4,12.4,Graduate
132.1,1,0,34,0,2,10.0,4,12.0,Dropout
120.3,1,0,35,0,0,0.0,0,0.0,Dropout
120.0,1,0,32,0,5,11.6,5,12.333333333333334,Graduate
123.1,1,0,19,0,6,12.166666666666666,6,13.5,Graduate
119.4,1,0,18,0,4,13.6,5,12.666666666666666,Graduate
140.0,0,0,35,0,4,12.5,5,11.8,Dropout
116.5,1,1,24,1,4,12.25,4,11.5,Enrolled
113.0,1,1,20,0,6,11.714285714285714,6,12.625,Graduate
133.9,1,1,18,1,6,13.5,6,13.0,Graduate
115.5,1,1,20,1,7,13.024285714285714,7,13.024285714285714,Graduate
116.5,0,0,18,1,0,0.0,0,0.0,Dropout
171.2,1,1,18,1,5,17.333333333333332,5,18.571428571428573,Graduate
119.1,1,1,20,1,4,11.0,4,11.5,Graduate
121.1,1,0,19,1,6,13.666666666666666,6,12.5,Dropout
132.9,1,1,20,1,6,11.375,5,13.8,Enrolled
132.8,1,0,19,1,6,12.833333333333334,6,11.833333333333334,Graduate
126.7,1,0,20,1,5,12.6,4,11.5,Graduate
105.8,1,0,22,1,6,14.333333333333334,7,13.771428571428572,Graduate
117.2,1,1,18,1,4,13.5,6,13.625,Enrolled
140.0,1,0,19,1,7,14.285714285714286,7,14.285714285714286,Graduate
120.0,1,0,22,1,3,11.75,2,10.0,Dropout
119.5,1,0,20,1,5,14.8,5,17.6,Graduate
153.9,0,0,34,1,0,0.0,0,0.0,Dropout
130.0,1,0,24,1,1,10.0,0,0.0,Dropout
107.0,1,0,26,1,0,0.0,0,0.0,Dropout
132.8,1,0,35,1,4,12.6,5,12.38,Dropout
127.5,1,0,22,1,5,12.428571428571429,5,11.8,Graduate
123.3,1,0,26,1,4,10.0,3,12.0,Enrolled
122.0,1,0,19,1,3,12.333333333333334,0,0.0,Dropout
114.8,0,0,19,1,0,0.0,0,0.0,Dropout
140.0,1,0,20,1,0,0.0,0,0.0,Graduate
111.0,1,0,21,1,10,12.1,8,13.333333333333334,Graduate
133.2,1,1,19,0,6,14.714285714285714,6,15.0,Graduate
123.0,1,0,18,0,6,12.666666666666666,6,12.833333333333334,Graduate
150.0,1,1,23,0,12,14.384615384615383,10,13.3,Graduate
132.3,1,1,18,0,5,13.4,5,12.2,Graduate
126.0,1,0,18,0,7,13.314285714285717,7,13.314285714285717,Graduate
119.3,1,0,19,0,7,11.98857142857143,7,11.98857142857143,Graduate
133.8,1,0,21,0,11,11.545454545454543,8,12.88888888888889,Graduate
126.5,1,1,18,0,6,16.46153846153846,6,13.875,Graduate
138.4,1,1,24,0,6,13.666666666666666,6,12.833333333333334,Graduate
129.0,1,0,18,0,7,12.65,8,13.411111111111111,Dropout
118.3,1,0,18,0,6,12.333333333333334,3,12.0,Enrolled
129.8,1,0,20,0,6,14.37,7,14.65,Graduate
113.6,1,0,19,0,3,12.0,4,11.75,Enrolled
128.3,0,1,18,0,3,12.0,3,10.666666666666666,Dropout
130.0,1,1,19,0,4,12.0,3,11.0,Dropout
121.9,1,0,19,0,5,12.6,5,11.2,Graduate
129.4,1,0,18,0,6,12.166666666666666,6,12.333333333333334,Graduate
115.3,1,0,20,0,6,13.5,6,14.0,Enrolled
125.5,1,1,18,0,8,13.76375,8,13.76375,Graduate
117.8,1,1,19,0,6,12.4,6,12.8,Graduate
118.7,1,0,18,0,4,10.666666666666666,2,12.0,Enrolled
139.0,1,0,18,0,6,14.333333333333334,6,14.333333333333334,Graduate
98.9,1,0,21,0,4,12.5,2,12.666666666666666,Enrolled
137.7,0,0,19,0,1,10.0,0,0.0,Dropout
113.6,1,0,21,0,7,14.69625,8,14.622222222222224,Graduate
113.4,1,0,18,0,4,11.5,3,13.75,Enrolled
128.5,1,1,18,0,7,12.855555555555556,8,13.9125,Graduate
142.8,1,0,18,0,7,13.7,8,13.994444444444444,Graduate
137.7,0,0,23,0,0,0.0,1,12.0,Dropout
103.5,1,0,20,0,3,11.2,4,12.0,Enrolled
123.2,1,0,18,0,7,13.285714285714286,8,13.333333333333334,Graduate
126.0,1,0,19,0,5,13.0,5,10.4,Enrolled
121.7,1,1,27,0,6,12.6,6,11.685714285714283,Enrolled
142.8,0,1,19,0,5,12.8,4,12.0,Enrolled
120.0,1,0,21,0,5,11.5,5,11.0,Dropout
119.3,1,1,19,0,7,11.4,7,11.4,Graduate
121.0,1,1,21,0,6,12.333333333333334,6,11.333333333333334,Graduate
139.4,1,0,18,0,5,12.8,4,12.2,Graduate
113.9,1,1,20,0,5,12.0,4,15.0,Graduate
124.6,1,1,18,0,5,13.0,5,13.5,Graduate
123.8,0,1,18,0,6,11.833333333333334,6,11.0,Dropout
126.3,1,0,18,0,6,14.0,6,13.333333333333334,Graduate
120.4,1,1,18,0,6,12.333333333333334,6,13.5,Graduate
120.5,1,1,19,0,5,13.04,7,12.5,Enrolled
144.9,0,0,23,0,11,13.166666666666666,8,13.333333333333334,Enrolled
139.9,1,1,24,0,6,12.5,6,12.833333333333334,Graduate
133.3,1,0,19,0,0,0.0,0,0.0,Graduate
126.0,1,0,18,0,7,15.657142857142857,7,15.657142857142857,Graduate
133.5,1,0,19,0,6,12.166666666666666,6,11.333333333333334,Graduate
127.9,1,0,19,0,0,0.0,0,0.0,Dropout
105.9,1,1,20,0,5,10.6,5,11.166666666666666,Enrolled
124.3,1,0,20,0,6,13.428571428571429,5,12.666666666666666,Enrolled
102.5,1,0,26,0,4,11.75,0,0.0,Dropout
97.0,0,0,36,1,0,0.0,0,0.0,Dropout
134.7,0,0,19,1,0,0.0,0,0.0,Dropout
113.8,0,0,27,1,0,0.0,0,0.0,Dropout
116.9,1,0,18,1,1,13.0,0,0.0,Dropout
124.0,1,1,18,1,7,13.331428571428573,7,13.331428571428573,Graduate
117.5,1,0,28,1,0,0.0,0,0.0,Dropout
154.8,1,0,21,1,0,0.0,0,0.0,Graduate
141.0,1,0,19,1,6,13.7,6,13.7,Graduate
120.0,0,0,26,1,0,0.0,0,0.0,Dropout
133.6,1,0,20,1,9,13.454545454545457,6,13.875,Dropout
122.0,1,0,19,1,7,12.2,7,12.2,Graduate
120.0,1,0,21,1,3,10.0,4,11.0,Dropout
114.2,1,1,23,1,5,13.0,6,12.857142857142858,Graduate
95.5,1,0,29,1,6,12.0,6,14.0,Graduate
120.0,1,0,20,1,7,15.028571428571428,7,15.028571428571428,Graduate
111.1,1,0,18,1,6,12.0,6,11.714285714285714,Graduate
128.6,1,0,19,1,5,12.0,5,12.4,Graduate
130.0,0,0,23,1,3,13.666666666666666,3,11.333333333333334,Dropout
111.1,1,0,21,1,0,0.0,0,0.0,Dropout
122.7,1,0,18,1,5,12.0,4,12.5,Enrolled
134.4,1,1,18,1,0,0.0,0,0.0,Graduate
131.0,0,0,21,1,1,14.0,0,0.0,Dropout
125.0,1,0,22,1,0,0.0,0,0.0,Dropout
106.0,1,0,21,1,7,12.375,5,12.583333333333334,Graduate
128.0,0,0,32,1,0,0.0,0,0.0,Dropout
120.0,1,0,27,1,18,11.421052631578949,13,11.076923076923077,Graduate
134.8,1,0,18,1,6,13.35,6,13.35,Graduate
112.0,1,1,24,1,6,15.0,2,16.0,Graduate
116.1,1,0,22,1,2,10.5,0,0.0,Dropout
120.0,0,0,22,1,0,0.0,0,0.0,Dropout
119.7,1,0,19,1,5,13.25,5,11.833333333333334,Graduate
117.1,1,0,19,1,0,0.0,0,0.0,Dropout
112.4,1,0,21,1,4,11.5,3,10.6,Enrolled
131.0,1,1,18,0,8,13.88125,8,13.88125,Graduate
130.9,1,0,18,0,6,11.333333333333334,5,12.6,Graduate
134.9,1,0,20,0,0,0.0,0,0.0,Dropout
127.1,1,0,19,0,6,12.857142857142858,6,13.666666666666666,Graduate
110.2,1,0,19,0,5,11.6,6,12.5,Graduate
108.7,1,1,18,0,5,11.4,6,11.333333333333334,Graduate
138.0,1,0,20,0,6,13.333333333333334,6,13.0,Enrolled
147.7,1,1,22,0,7,13.571428571428571,9,13.77777777777778,Graduate
123.0,1,0,31,0,6,11.833333333333334,7,12.228571428571428,Graduate
142.8,1,1,19,0,7,14.428571428571429,7,14.142857142857142,Graduate
138.3,1,0,18,0,0,0.0,0,0.0,Enrolled
125.2,1,1,18,0,6,12.285714285714286,5,12.4,Graduate
141.8,1,0,21,0,5,14.4,5,13.8,Graduate
130.6,1,1,18,0,7,13.15,8,15.06875,Graduate
130.0,0,0,25,1,0,0.0,0,0.0,Dropout
100.0,1,0,21,1,0,0.0,0,0.0,Dropout
119.0,1,1,19,0,7,12.342857142857143,7,12.342857142857143,Graduate
124.3,1,0,19,0,5,12.2,5,10.8,Enrolled
122.2,1,0,22,0,4,10.5,1,11.0,Dropout
150.0,1,0,19,1,5,10.6,5,11.6,Graduate
135.5,1,0,58,0,0,0.0,0,0.0,Dropout
127.3,1,1,19,0,4,11.25,6,12.0,Graduate
127.0,1,0,23,1,6,10.5,10,11.7,Graduate
126.9,1,1,19,0,4,11.0,3,11.666666666666666,Enrolled
127.5,1,0,18,0,7,13.457142857142856,8,14.5125,Graduate
122.0,1,0,20,0,5,12.6,4,12.333333333333334,Graduate
115.8,0,0,18,0,0,0.0,0,0.0,Dropout
121.6,1,0,18,0,6,13.666666666666666,5,13.6,Graduate
116.4,1,1,18,0,5,11.6,5,11.8,Graduate
120.0,1,0,24,0,6,12.571428571428571,5,12.833333333333334,Dropout
127.3,1,0,18,0,5,11.8,5,11.4,Dropout
123.5,1,1,19,0,5,11.6,3,12.666666666666666,Enrolled
125.6,1,1,19,0,6,11.333333333333334,6,11.833333333333334,Graduate
118.5,1,0,18,0,6,10.666666666666666,6,11.5,Graduate
129.5,1,0,18,0,4,13.5,5,13.4,Enrolled
134.6,1,1,19,0,0,0.0,0,0.0,Graduate
140.0,1,0,22,0,6,13.333333333333334,4,11.5,Graduate
133.2,1,0,19,0,5,13.4,2,13.5,Enrolled
133.5,1,1,21,0,3,10.2,4,12.25,Enrolled
117.9,1,1,21,0,5,13.0,6,12.833333333333334,Graduate
128.0,1,1,18,0,7,12.90857142857143,7,12.90857142857143,Graduate
113.2,1,0,20,0,4,12.0,1,10.0,Dropout
122.0,1,1,18,0,6,10.833333333333334,5,11.0,Enrolled
156.9,1,0,19,0,6,15.333333333333334,6,15.833333333333334,Graduate
125.1,1,1,18,0,6,12.816666666666668,6,12.875,Enrolled
100.0,0,0,26,1,6,13.0,2,14.0,Dropout
160.0,1,0,19,0,2,13.5,2,11.0,Enrolled
101.0,1,0,35,0,6,12.5,6,12.166666666666666,Graduate
121.5,1,1,19,0,6,13.0,6,14.333333333333334,Graduate
126.8,1,0,18,1,4,11.75,5,12.571428571428571,Graduate
132.9,1,0,19,1,4,12.5,4,14.25,Graduate
134.3,1,0,25,1,17,11.61111111111111,17,12.055555555555555,Graduate
120.5,1,0,18,1,6,14.0,6,14.666666666666666,Graduate
144.1,0,0,26,1,0,0.0,0,0.0,Dropout
100.0,1,0,34,1,5,13.8,5,13.833333333333334,Graduate
114.8,0,0,18,1,0,0.0,0,0.0,Dropout
111.9,0,0,18,1,0,0.0,0,0.0,Dropout
125.4,1,1,18,1,4,12.25,3,12.333333333333334,Dropout
140.0,1,0,20,1,3,11.5,3,13.666666666666666,Dropout
140.0,1,0,25,1,6,12.571428571428571,9,12.555555555555555,Graduate
127.8,1,0,18,1,6,12.0,5,12.166666666666666,Dropout
131.6,1,0,19,1,11,12.0,12,12.307692307692308,Graduate
119.4,1,0,20,1,0,0.0,0,0.0,Dropout
129.9,1,1,20,1,6,12.0,6,11.166666666666666,Graduate
114.0,1,0,20,1,4,11.6,4,12.25,Enrolled
113.4,1,1,19,1,0,0.0,0,0.0,Dropout
117.8,1,0,20,1,5,12.0,4,13.0,Enrolled
114.3,1,0,18,1,6,13.976666666666668,6,12.041666666666666,Enrolled
129.7,1,0,19,1,4,12.5,1,10.0,Enrolled
112.0,0,0,20,1,0,0.0,0,0.0,Dropout
140.0,1,0,24,1,4,10.5,4,12.5,Dropout
150.0,1,0,20,1,5,12.857142857142858,6,12.3,Graduate
122.4,1,0,19,1,3,11.666666666666666,4,12.0,Enrolled
150.0,1,0,23,1,2,13.0,1,10.0,Dropout
135.0,1,0,20,1,6,11.833333333333334,5,10.4,Enrolled
116.2,1,0,21,1,11,12.454545454545457,8,12.75,Graduate
120.4,1,0,20,1,3,11.0,0,0.0,Dropout
122.9,1,0,21,1,4,13.2,4,14.25,Enrolled
155.0,1,1,18,1,6,15.5,6,14.166666666666666,Graduate
123.4,1,0,18,1,6,12.333333333333334,6,13.666666666666666,Graduate
124.2,1,0,18,1,5,12.0,4,11.4,Enrolled
130.0,1,0,20,1,4,11.6,5,11.5,Enrolled
126.2,1,1,18,1,6,11.333333333333334,6,12.285714285714286,Graduate
120.5,1,0,19,1,0,0.0,0,0.0,Dropout
123.7,1,0,20,1,4,12.0,2,12.5,Enrolled
122.5,1,0,19,1,4,12.0,5,12.6,Graduate
139.2,1,0,33,1,2,12.5,2,11.5,Dropout
131.2,1,0,21,1,12,13.666666666666666,11,13.0,Graduate
120.0,0,0,25,1,2,14.5,0,0.0,Dropout
116.7,1,1,20,1,4,13.2,0,0.0,Dropout
150.0,1,1,22,1,5,12.166666666666666,5,14.8,Dropout
117.5,1,0,39,0,4,11.25,6,11.333333333333334,Graduate
137.6,1,1,21,1,6,15.166666666666666,6,14.428571428571429,Graduate
124.3,1,1,19,0,6,11.166666666666666,4,13.4,Graduate
116.0,1,1,26,0,6,10.983333333333334,6,10.983333333333334,Graduate
121.4,1,1,19,0,4,10.75,5,11.5,Graduate
142.8,0,1,20,0,11,13.384615384615383,7,14.285714285714286,Graduate
96.0,1,1,25,0,6,11.285714285714286,5,12.2,Enrolled
125.0,1,0,24,1,0,0.0,0,0.0,Dropout
126.1,1,0,20,1,4,13.0,5,14.833333333333334,Graduate
155.8,1,0,29,1,6,16.11111111111111,6,13.5,Graduate
116.0,1,0,20,1,6,11.5,6,11.0,Graduate
110.0,1,0,20,1,4,10.75,2,10.5,Dropout
97.2,1,1,24,1,4,11.6,5,13.0,Graduate
100.0,1,0,24,1,0,0.0,0,0.0,Dropout
140.0,1,0,23,1,5,13.8,5,14.142857142857142,Graduate
128.0,1,0,20,1,7,13.585714285714284,8,14.6875,Graduate
115.3,1,0,19,1,6,13.857142857142858,5,13.0,Graduate
150.0,1,0,28,1,5,12.0,6,12.333333333333334,Enrolled
160.0,1,1,20,1,6,13.444444444444445,5,12.6,Graduate
133.1,1,0,18,1,6,14.0,6,13.857142857142858,Graduate
119.0,1,0,20,1,1,12.0,0,0.0,Dropout
156.0,1,0,33,1,5,14.2,5,13.833333333333334,Graduate
163.7,1,0,35,0,5,13.34,5,10.84,Enrolled
130.0,1,0,27,0,7,12.457142857142856,7,12.457142857142856,Enrolled
123.1,0,0,19,0,3,11.0,3,12.0,Dropout
160.0,1,1,31,0,4,10.5,4,10.5,Enrolled
136.1,1,0,19,1,0,0.0,0,0.0,Graduate
132.7,1,0,22,1,13,14.0,12,13.0,Graduate
128.2,1,0,39,0,0,0.0,0,0.0,Dropout
126.7,0,0,22,1,0,0.0,0,0.0,Dropout
150.0,1,0,47,1,4,10.0,4,12.5,Enrolled
156.3,1,1,19,1,0,0.0,0,0.0,Graduate
116.1,1,0,19,0,6,13.5,6,14.333333333333334,Graduate
123.8,1,0,19,0,0,0.0,0,0.0,Dropout
153.0,1,1,21,0,17,13.38888888888889,17,14.88888888888889,Graduate
140.0,0,0,39,0,0,0.0,0,0.0,Dropout
131.9,1,0,19,1,12,13.583333333333334,11,13.583333333333334,Graduate
141.4,1,1,20,1,0,0.0,0,0.0,Enrolled
140.0,0,0,24,1,0,0.0,0,0.0,Dropout
115.0,1,0,27,1,1,10.0,0,0.0,Dropout
168.0,1,0,29,1,5,15.2,5,15.2,Graduate
101.3,1,0,20,1,4,12.8,0,0.0,Dropout
122.6,1,0,21,1,5,11.166666666666666,4,11.0,Dropout
141.7,1,0,18,1,0,0.0,0,0.0,Enrolled
132.3,1,0,19,1,7,12.828571428571427,7,12.828571428571427,Graduate
111.7,0,0,19,1,6,12.5,4,12.6,Dropout
98.7,1,1,28,1,3,10.0,3,12.4,Graduate
140.0,0,0,21,0,6,11.5,4,13.25,Graduate
140.0,0,0,23,0,7,11.328571428571427,7,11.328571428571427,Dropout
100.7,1,0,39,0,2,13.0,3,13.0,Enrolled
133.8,1,0,18,0,6,13.033333333333331,6,13.033333333333331,Graduate
100.0,1,0,59,0,6,12.166666666666666,4,11.75,Graduate
180.0,1,0,30,1,4,14.5,3,16.2,Enrolled
130.8,1,0,18,0,5,14.4,5,13.6,Graduate
140.0,1,0,41,0,4,12.25,6,12.5,Enrolled
106.2,1,0,27,0,0,0.0,0,0.0,Dropout
125.6,1,1,18,0,6,12.666666666666666,6,12.0,Graduate
117.5,0,0,20,0,2,12.0,3,11.666666666666666,Dropout
122.5,0,0,32,0,0,0.0,0,0.0,Dropout
132.9,1,0,19,0,3,11.666666666666666,4,10.8,Dropout
103.0,1,0,41,0,0,0.0,0,0.0,Dropout
107.0,1,0,38,0,1,10.0,0,0.0,Dropout
100.0,1,0,35,1,0,0.0,0,0.0,Dropout
100.0,1,0,27,0,4,12.25,3,12.0,Dropout
131.3,1,0,19,0,4,12.0,6,12.5,Graduate
122.2,0,0,18,0,5,12.6,5,11.8,Enrolled
118.4,0,0,39,0,0,0.0,0,0.0,Dropout
100.0,0,0,37,0,0,0.0,0,0.0,Dropout
110.0,0,0,37,0,0,0.0,0,0.0,Dropout
100.0,1,1,35,0,16,12.6875,13,12.0,Graduate
106.2,1,0,49,0,10,10.4,6,10.666666666666666,Graduate
110.0,1,0,52,0,14,10.466666666666669,12,10.923076923076923,Graduate
122.3,1,0,18,0,5,14.333333333333334,5,13.0,Graduate
112.5,1,1,30,0,6,14.666666666666666,6,14.333333333333334,Graduate
98.1,1,0,21,0,7,12.835714285714284,8,14.23125,Graduate
140.2,1,0,20,1,0,0.0,0,0.0,Dropout
143.6,1,0,18,1,0,0.0,0,0.0,Enrolled
134.6,1,0,19,1,0,0.0,0,0.0,Dropout
126.8,1,0,18,1,8,13.24875,8,13.24875,Graduate
100.0,1,0,20,1,7,12.857142857142858,4,12.75,Enrolled
130.0,1,0,21,0,5,13.6,4,14.25,Enrolled
113.6,1,1,22,0,3,14.0,5,12.4,Graduate
140.0,0,0,20,0,3,12.0,2,11.0,Enrolled
106.0,1,0,20,0,6,13.166666666666666,4,14.0,Enrolled
126.6,1,1,19,0,6,13.625,6,12.166666666666666,Graduate
130.7,1,1,18,0,7,14.85,8,15.61111111111111,Graduate
105.9,1,0,21,1,4,10.75,5,11.4,Graduate
137.0,1,0,19,0,0,0.0,2,11.666666666666666,Enrolled
100.0,1,0,37,0,0,0.0,0,0.0,Dropout
114.4,1,0,45,0,12,14.0,7,13.857142857142858,Enrolled
120.0,0,0,38,1,0,0.0,0,0.0,Dropout
119.0,0,0,55,1,0,0.0,0,0.0,Dropout
110.0,0,0,28,0,5,13.0,4,11.75,Dropout
120.0,1,0,46,0,8,12.375,5,12.4,Graduate
119.8,1,0,22,0,0,0.0,0,0.0,Graduate
135.6,1,0,46,0,5,11.4,4,13.75,Dropout
120.7,1,0,28,0,4,11.25,4,13.0,Enrolled
136.3,0,0,18,0,3,13.0,3,12.0,Dropout
164.3,1,1,18,1,0,0.0,0,0.0,Enrolled
149.2,1,1,21,1,6,13.5,6,14.166666666666666,Graduate
122.5,1,0,18,0,1,11.0,4,11.0,Enrolled
100.0,1,0,34,0,0,0.0,1,11.0,Dropout
125.0,1,1,21,0,5,12.0,5,11.2,Dropout
131.0,1,1,18,0,5,13.0,6,13.0,Graduate
122.0,1,0,20,1,0,0.0,0,0.0,Graduate
131.3,1,0,18,0,4,12.0,4,12.25,Enrolled
117.0,1,0,21,1,5,11.166666666666666,3,10.8,Enrolled
118.0,1,0,19,1,2,10.5,1,12.0,Dropout
126.0,1,0,22,1,6,12.666666666666666,6,12.166666666666666,Graduate
120.0,1,0,23,1,1,11.0,0,0.0,Dropout
155.6,1,0,19,1,0,0.0,0,0.0,Dropout
122.8,1,0,18,1,4,11.5,2,10.333333333333334,Enrolled
127.3,0,1,19,1,0,0.0,0,0.0,Dropout
118.4,1,0,19,1,2,10.5,4,11.75,Enrolled
128.1,1,0,19,1,4,12.5,4,11.0,Enrolled
99.0,1,0,22,1,6,12.833333333333334,6,12.5,Enrolled
161.2,1,1,18,1,6,15.571428571428571,6,16.142857142857142,Graduate
140.9,1,0,18,1,4,12.0,5,11.8,Dropout
111.1,1,0,19,1,4,11.25,3,11.333333333333334,Dropout
149.9,1,0,18,1,0,0.0,0,0.0,Graduate
111.3,1,0,21,1,6,12.285714285714286,4,14.25,Enrolled
121.5,1,0,18,1,5,11.0,3,10.333333333333334,Enrolled
120.0,1,0,19,1,6,12.142857142857142,5,13.6,Graduate
120.0,0,0,27,1,2,11.5,0,0.0,Dropout
130.0,1,0,20,1,11,12.545454545454543,8,11.625,Enrolled
98.9,1,0,20,1,4,13.0,6,13.0,Graduate
136.3,1,0,18,1,8,12.8875,8,12.8875,Graduate
125.2,1,0,18,1,6,12.666666666666666,5,13.6,Enrolled
130.0,1,0,18,1,6,12.833333333333334,6,12.571428571428571,Graduate
141.5,1,0,18,1,3,10.666666666666666,2,12.5,Dropout
123.9,1,0,18,1,5,13.0,5,12.4,Enrolled
114.5,1,0,18,0,6,11.983333333333334,8,12.28125,Graduate
100.0,0,0,37,0,0,0.0,0,0.0,Dropout
110.5,1,1,36,0,6,11.833333333333334,6,11.5,Graduate
101.0,1,0,26,0,3,12.666666666666666,2,11.0,Dropout
121.0,1,0,19,0,4,13.75,4,14.5,Graduate
95.0,1,0,24,0,5,11.4,5,11.8,Dropout
126.9,1,1,19,0,6,13.166666666666666,6,13.0,Dropout
116.3,1,1,20,0,6,12.833333333333334,5,11.8,Graduate
120.0,1,0,19,0,6,14.125,5,14.5,Graduate
123.6,1,0,21,0,3,11.666666666666666,5,13.0,Graduate
150.0,0,0,50,0,6,10.25,4,11.25,Dropout
120.0,1,0,47,0,6,12.514285714285716,4,11.75,Dropout
111.3,1,0,24,0,10,11.5,9,10.444444444444445,Dropout
150.0,0,0,48,0,1,10.0,0,0.0,Dropout
123.2,1,1,18,0,6,15.714285714285714,5,12.77777777777778,Graduate
130.0,1,0,32,1,4,12.5,4,11.0,Dropout
137.9,0,0,20,1,3,12.0,4,12.75,Dropout
100.0,1,0,24,1,0,0.0,0,0.0,Dropout
120.0,1,0,53,1,4,12.25,4,11.75,Graduate
131.0,0,0,42,1,0,0.0,0,0.0,Dropout
133.8,1,0,52,1,5,13.6,5,14.2,Graduate
100.0,1,0,54,1,13,13.307692307692308,11,12.818181818181818,Enrolled
150.0,1,0,49,1,5,12.2,5,11.8,Graduate
126.4,1,1,18,1,6,12.285714285714286,6,13.333333333333334,Graduate
154.0,1,0,37,1,3,12.0,4,13.0,Graduate
114.9,1,1,21,1,6,13.342857142857143,7,11.65,Graduate
110.0,1,0,26,1,0,0.0,0,0.0,Dropout
149.8,1,0,20,1,11,14.272727272727272,11,14.818181818181818,Graduate
117.9,1,1,19,0,7,12.1375,8,12.91111111111111,Graduate
165.8,1,0,18,0,6,14.166666666666666,6,14.857142857142858,Graduate
127.6,1,0,18,0,7,13.528571428571428,8,14.655555555555557,Graduate
123.8,1,0,20,0,5,12.0,6,11.0,Graduate
126.1,1,0,20,0,5,11.4,1,11.0,Dropout
119.7,1,0,21,0,0,0.0,0,0.0,Dropout
121.6,1,0,22,0,12,12.916666666666666,11,14.5,Graduate
100.0,1,1,18,0,7,13.6375,8,14.3875,Graduate
127.6,1,0,18,0,7,12.9,7,12.142857142857142,Dropout
132.5,1,1,19,0,7,14.36,7,14.36,Graduate
124.3,1,0,19,0,7,14.514285714285714,7,14.514285714285714,Enrolled
131.0,1,0,18,0,7,14.7,7,14.7,Graduate
120.0,1,0,27,0,5,15.2,5,14.0,Enrolled
113.3,1,1,20,0,7,13.0,8,15.0625,Graduate
121.9,1,0,20,0,6,13.5,0,0.0,Dropout
118.3,1,0,20,0,5,12.333333333333334,5,12.6,Graduate
118.8,1,0,19,0,5,13.4,5,13.0,Graduate
129.0,1,0,20,0,4,11.75,2,10.5,Enrolled
143.3,1,1,20,0,0,0.0,0,0.0,Graduate
152.5,1,0,20,0,0,0.0,0,0.0,Enrolled
155.7,1,0,27,0,11,14.727272727272728,7,14.142857142857142,Graduate
153.9,1,0,18,0,6,16.571428571428573,6,15.666666666666666,Graduate
137.8,1,0,18,0,7,15.145,8,15.7425,Graduate
143.3,1,1,18,0,7,13.44285714285714,8,15.075,Graduate
123.2,1,0,20,0,5,14.166666666666666,4,11.75,Graduate
138.1,1,0,19,0,6,14.0,5,15.0,Enrolled
140.5,1,1,20,0,6,11.333333333333334,6,12.333333333333334,Graduate
130.0,1,0,18,0,8,13.76125,8,13.76125,Graduate
104.8,0,0,22,0,5,11.6,5,10.0,Dropout
132.5,1,1,22,0,4,12.75,5,13.0,Graduate
127.7,1,0,25,0,4,12.5,4,11.0,Enrolled
136.5,1,0,19,0,6,15.307692307692308,6,14.0,Graduate
130.0,0,0,21,0,5,13.285714285714286,4,12.0,Dropout
190.0,1,0,27,0,7,14.757142857142856,8,14.077777777777778,Graduate
128.5,1,0,18,0,6,12.766666666666666,6,12.766666666666666,Graduate
126.6,0,0,18,0,5,10.4,0,0.0,Dropout
131.6,1,0,19,1,0,0.0,0,0.0,Dropout
119.0,1,1,35,1,4,10.5,5,12.6,Graduate
127.6,1,0,23,1,4,14.25,5,13.4,Graduate
100.0,1,0,28,1,3,11.916666666666666,0,0.0,Dropout
124.5,1,0,19,1,3,10.666666666666666,2,14.0,Enrolled
109.3,1,0,19,1,4,12.25,3,12.666666666666666,Enrolled
117.7,1,0,20,1,4,12.0,5,11.6,Dropout
124.7,1,0,21,1,3,11.0,4,12.75,Dropout
124.5,1,0,18,1,6,14.166666666666666,5,13.0,Graduate
140.8,1,0,22,1,6,14.666666666666666,6,15.0,Graduate
111.9,1,0,21,1,0,0.0,5,12.285714285714286,Graduate
140.0,0,0,38,1,3,12.666666666666666,0,0.0,Dropout
121.2,1,0,20,1,0,0.0,0,0.0,Enrolled
123.8,1,0,19,1,0,0.0,0,0.0,Dropout
134.0,1,0,24,1,0,0.0,0,0.0,Dropout
130.8,0,0,19,1,0,0.0,0,0.0,Dropout
130.2,1,1,19,1,7,13.7,8,14.022222222222222,Graduate
123.3,1,0,19,1,5,11.8,4,12.4,Enrolled
147.6,1,0,31,1,0,0.0,0,0.0,Dropout
113.4,1,1,19,1,6,13.333333333333334,6,13.285714285714286,Graduate
133.7,1,0,22,1,5,11.4,6,12.166666666666666,Graduate
128.2,1,0,25,1,0,0.0,0,0.0,Dropout
161.0,1,0,18,1,7,16.142857142857142,0,0.0,Dropout
130.0,1,0,30,1,0,0.0,0,0.0,Dropout
156.3,1,1,18,1,8,15.63375,8,15.63375,Graduate
129.3,1,0,18,1,6,13.666666666666666,6,14.5,Graduate
129.3,1,0,18,1,0,0.0,0,0.0,Dropout
136.3,1,0,18,1,6,12.5,6,11.5,Graduate
140.0,1,1,25,1,6,12.285714285714286,6,13.0,Graduate
135.9,1,0,18,1,2,14.0,3,11.0,Enrolled
139.7,1,0,18,1,0,0.0,0,0.0,Dropout
117.0,1,0,19,1,4,10.75,4,12.25,Enrolled
105.0,1,0,25,1,4,12.95,4,13.125,Dropout
130.5,1,0,19,0,6,12.45,6,12.45,Graduate
130.0,1,0,31,0,4,12.25,7,12.0,Enrolled
131.5,1,1,20,0,8,13.38125,8,13.38125,Graduate
100.0,0,0,33,0,5,12.16,5,11.34,Dropout
140.0,0,0,24,0,4,12.5,2,11.5,Enrolled
130.2,1,1,18,0,6,12.75,6,12.166666666666666,Graduate
133.5,1,0,19,0,8,13.3425,8,13.3425,Graduate
133.2,1,1,20,0,7,14.175,6,13.03125,Graduate
130.0,1,1,33,1,1,10.0,1,10.0,Enrolled
129.0,1,0,24,1,0,0.0,2,14.5,Dropout
100.0,1,0,24,1,0,0.0,0,0.0,Dropout
116.5,1,0,18,1,5,12.0,5,12.142857142857142,Graduate
124.2,1,1,18,0,6,10.571428571428571,5,11.4,Graduate
138.8,1,0,22,0,11,14.153846153846152,12,15.428571428571429,Graduate
126.4,1,1,18,0,6,11.166666666666666,5,12.4,Graduate
151.9,1,0,21,0,17,12.0,17,12.666666666666666,Graduate
120.0,1,0,38,0,3,11.333333333333334,4,12.0,Dropout
131.9,1,1,29,0,16,12.588235294117649,13,13.357142857142858,Graduate
130.0,1,1,20,0,4,12.0,4,10.75,Enrolled
131.7,0,0,18,0,0,0.0,0,0.0,Dropout
132.5,1,0,37,1,12,12.25,13,12.846153846153848,Graduate
116.5,1,0,20,1,5,11.6,5,12.8,Graduate
133.9,0,0,20,1,4,13.0,3,12.0,Dropout
145.4,1,0,40,1,3,10.666666666666666,2,12.5,Dropout
172.0,1,0,44,1,9,12.333333333333334,9,11.0,Enrolled
111.0,0,0,21,1,2,11.0,3,11.428571428571429,Dropout
120.0,1,0,21,1,6,13.428571428571429,8,13.125,Graduate
129.8,1,0,18,1,8,13.05375,8,13.05375,Graduate
118.1,1,0,18,1,6,12.035714285714286,7,13.75,Enrolled
130.0,1,0,27,1,6,14.166666666666666,6,13.833333333333334,Graduate
126.3,0,0,38,1,0,0.0,0,0.0,Dropout
137.8,1,0,18,1,5,13.6,3,12.666666666666666,Dropout
116.1,1,0,19,1,5,12.2,2,12.0,Enrolled
115.4,1,0,18,1,6,13.714285714285714,5,13.333333333333334,Dropout
110.0,0,0,19,1,3,11.666666666666666,2,10.0,Dropout
97.4,0,0,44,1,1,14.0,0,0.0,Dropout
130.0,1,0,26,1,4,12.5,3,10.0,Dropout
156.0,0,0,24,1,5,11.833333333333334,4,11.5,Dropout
126.1,0,0,27,1,0,0.0,0,0.0,Dropout
120.0,0,0,27,1,0,0.0,0,0.0,Dropout
105.2,1,0,25,1,13,11.538461538461538,10,12.4,Dropout
120.0,1,0,21,1,7,11.285714285714286,4,12.25,Enrolled
137.8,1,1,19,1,0,0.0,0,0.0,Graduate
134.2,1,0,20,1,5,11.8,4,12.0,Enrolled
150.0,1,0,20,1,0,0.0,2,10.5,Enrolled
116.0,0,0,20,1,0,0.0,0,0.0,Dropout
143.4,0,1,18,1,5,14.2,5,14.2,Enrolled
143.6,1,0,19,1,10,12.7,10,12.272727272727272,Enrolled
150.0,0,0,22,0,3,12.666666666666666,0,0.0,Dropout
118.0,1,0,19,0,6,14.428571428571429,6,15.0,Graduate
109.3,1,1,18,0,7,13.117142857142856,7,12.6,Graduate
119.3,1,0,20,0,6,12.666666666666666,6,11.833333333333334,Graduate
146.3,1,1,18,0,0,0.0,0,0.0,Dropout
161.5,1,0,36,1,6,15.285714285714286,6,16.5,Graduate
140.0,1,0,19,1,3,10.5,4,11.25,Graduate
142.2,1,1,21,1,11,12.636363636363637,9,12.6,Graduate
129.2,1,0,26,0,0,0.0,0,0.0,Dropout
100.0,0,0,29,0,3,14.333333333333334,1,14.0,Dropout
170.0,0,0,26,1,8,15.125,6,13.666666666666666,Enrolled
140.0,1,0,27,1,0,0.0,0,0.0,Dropout
115.2,1,0,32,1,3,12.0,3,10.333333333333334,Enrolled
121.4,1,1,23,0,4,14.25,5,12.0,Enrolled
134.8,1,0,24,0,2,10.5,4,10.0,Enrolled
136.9,1,1,19,0,6,13.5,6,14.428571428571429,Graduate
140.0,1,0,25,1,5,11.666666666666666,4,12.0,Enrolled
112.2,1,0,19,1,5,10.8,3,10.0,Enrolled
148.7,0,0,20,1,0,0.0,0,0.0,Dropout
133.0,1,0,33,1,9,12.8,7,11.428571428571429,Graduate
150.0,1,0,35,1,5,10.8,5,12.0,Dropout
98.0,1,0,23,1,4,11.4,4,11.0,Graduate
122.4,1,0,19,1,7,13.725714285714286,8,14.5,Graduate
139.0,1,0,21,1,5,12.8,5,12.25,Enrolled
112.0,1,1,21,1,6,13.5,6,11.166666666666666,Graduate
143.8,1,0,27,1,7,15.57,7,15.57,Dropout
116.1,1,0,19,1,4,11.0,2,12.0,Enrolled
138.0,1,0,28,1,7,14.114285714285714,8,15.91111111111111,Dropout
110.0,1,0,25,1,3,11.0,4,11.5,Enrolled
103.5,1,0,42,1,0,0.0,0,0.0,Dropout
140.0,1,0,27,1,4,13.5,4,13.75,Graduate
108.7,1,0,23,1,4,11.25,0,0.0,Dropout
115.9,1,1,18,1,6,12.142857142857142,6,11.333333333333334,Graduate
127.3,1,0,26,1,7,13.075714285714286,7,13.075714285714286,Graduate
138.7,1,0,18,1,0,0.0,0,0.0,Dropout
135.8,1,0,29,1,3,11.0,2,13.5,Dropout
134.6,1,0,22,1,0,0.0,0,0.0,Dropout
118.4,1,0,21,0,4,13.125,6,12.333333333333334,Enrolled
132.8,1,1,19,0,7,13.512857142857142,7,13.512857142857142,Graduate
155.5,1,1,18,0,6,12.833333333333334,6,12.166666666666666,Graduate
132.0,1,1,18,0,3,15.0,3,11.666666666666666,Dropout
110.0,0,0,40,0,5,12.8,3,13.333333333333334,Dropout
127.3,0,0,20,0,3,12.333333333333334,0,0.0,Dropout
126.0,1,0,18,1,5,12.288,5,12.288,Dropout
130.0,1,0,31,1,12,12.333333333333334,7,13.285714285714286,Graduate
118.8,1,1,18,1,4,11.5,5,12.8,Graduate
127.6,1,0,22,1,6,11.833333333333334,4,11.142857142857142,Dropout
112.1,0,0,38,1,0,0.0,0,0.0,Dropout
130.0,1,0,33,1,0,0.0,0,0.0,Dropout
111.1,1,1,19,1,5,11.8,3,11.5,Enrolled
121.4,1,0,18,1,0,0.0,0,0.0,Dropout
126.8,0,1,18,1,5,12.2,4,12.0,Enrolled
120.6,1,0,27,1,6,12.333333333333334,5,13.0,Graduate
126.5,1,0,26,1,6,12.428571428571429,6,12.833333333333334,Graduate
120.2,1,1,19,0,7,12.765714285714289,8,13.544444444444444,Graduate
120.0,1,0,44,1,5,12.1,5,12.6,Dropout
137.5,1,0,19,1,5,12.0,5,11.5,Graduate
127.9,1,0,20,1,0,0.0,0,0.0,Dropout
140.0,1,0,24,1,6,14.88888888888889,6,13.727272727272728,Enrolled
131.8,1,0,31,0,13,11.357142857142858,13,12.0,Graduate
129.0,1,0,25,0,6,13.5,6,12.5,Graduate
115.8,0,0,19,0,0,0.0,0,0.0,Dropout
126.4,1,0,18,0,7,13.884285714285712,8,14.75,Dropout
130.0,0,0,19,0,5,13.0,3,11.666666666666666,Enrolled
114.8,1,1,19,0,4,12.65,5,11.1,Enrolled
138.6,1,0,19,0,1,11.0,0,0.0,Enrolled
112.9,1,0,24,0,2,11.666666666666666,2,10.5,Dropout
111.6,1,0,20,0,6,14.5,6,12.666666666666666,Graduate
152.0,1,0,18,0,6,14.714285714285714,6,14.166666666666666,Graduate
132.6,1,1,18,0,6,13.285714285714286,6,14.333333333333334,Graduate
118.4,1,0,21,0,3,11.333333333333334,2,10.5,Enrolled
120.0,0,0,28,0,0,0.0,0,0.0,Dropout
122.1,1,1,18,0,4,11.571428571428571,5,12.0,Enrolled
142.8,1,0,18,0,5,13.0,4,11.5,Dropout
124.8,1,1,18,0,6,11.5,5,14.0,Graduate
126.3,1,1,18,0,5,11.8,5,11.6,Graduate
119.0,0,1,19,0,3,10.666666666666666,3,12.285714285714286,Dropout
124.9,1,1,19,0,6,13.8875,8,14.864444444444445,Graduate
118.0,1,1,20,0,5,11.4,6,11.5,Graduate
100.0,1,0,34,0,9,12.333333333333334,7,12.142857142857142,Graduate
109.0,1,0,39,0,5,12.16,5,12.16,Enrolled
130.8,1,0,19,0,8,13.427499999999998,8,13.427499999999998,Graduate
110.0,1,0,24,0,6,15.166666666666666,2,15.5,Graduate
151.0,1,0,18,0,0,0.0,0,0.0,Dropout
131.0,1,0,19,1,2,10.5,0,0.0,Dropout
155.2,1,1,18,1,5,11.8,3,11.0,Graduate
121.0,1,0,20,1,5,13.2,5,11.4,Enrolled
119.7,1,0,19,1,7,13.075,8,12.36111111111111,Graduate
131.0,1,0,19,1,4,11.6,2,13.0,Dropout
116.9,1,0,19,1,6,13.666666666666666,4,12.25,Dropout
130.0,1,0,41,1,4,10.75,2,10.0,Dropout
137.8,1,0,19,1,6,13.492857142857144,8,12.68888888888889,Graduate
122.1,1,0,19,1,3,12.5,4,11.0,Enrolled
120.0,0,0,23,1,0,0.0,0,0.0,Dropout
133.0,1,0,18,1,5,13.285714285714286,5,14.8,Dropout
115.2,1,0,19,1,5,12.6,5,11.8,Graduate
160.0,1,0,20,1,6,14.0,6,14.666666666666666,Graduate
106.3,0,0,35,1,2,11.5,2,10.5,Dropout
103.0,0,0,34,1,0,0.0,0,0.0,Dropout
136.0,0,1,19,0,6,11.833333333333334,6,12.875,Graduate
146.5,0,0,22,1,5,11.5,5,12.4,Graduate
131.4,1,0,20,1,6,14.166666666666666,6,12.333333333333334,Graduate
130.0,1,0,27,1,2,12.5,2,12.5,Enrolled
137.0,1,0,30,1,0,0.0,0,0.0,Dropout
125.9,1,0,34,1,0,0.0,1,11.0,Enrolled
111.9,0,0,20,1,2,10.5,0,0.0,Dropout
131.2,1,0,18,1,6,11.833333333333334,6,13.166666666666666,Graduate
131.2,1,1,26,1,0,0.0,0,0.0,Dropout
140.0,1,0,26,1,5,12.4,5,12.4,Graduate
121.5,0,0,26,1,2,10.5,0,0.0,Dropout
153.5,0,0,31,1,0,0.0,0,0.0,Dropout
142.2,1,1,20,1,12,14.583333333333334,11,14.333333333333334,Graduate
131.1,1,0,19,1,6,11.666666666666666,3,12.666666666666666,Graduate
130.6,0,0,23,1,0,0.0,0,0.0,Dropout
115.0,1,1,20,1,1,13.0,0,0.0,Dropout
125.0,1,0,20,1,7,15.66,9,15.011111111111113,Graduate
97.5,1,0,29,1,0,0.0,0,0.0,Dropout
134.4,1,1,20,1,6,12.166666666666666,4,12.75,Graduate
118.8,1,0,24,1,6,13.3,6,13.3,Graduate
110.5,1,0,37,1,0,0.0,0,0.0,Dropout
123.3,1,0,18,1,0,0.0,0,0.0,Dropout
139.6,0,1,18,1,0,0.0,0,0.0,Dropout
138.8,1,0,18,1,7,13.55714285714286,7,13.55714285714286,Graduate
160.0,1,0,41,1,5,14.333333333333334,6,14.636363636363637,Enrolled
140.0,1,0,35,1,4,12.0,3,10.333333333333334,Dropout
118.2,1,0,19,0,0,0.0,0,0.0,Dropout
150.6,1,0,18,1,0,0.0,0,0.0,Graduate
115.2,1,0,48,0,4,11.75,3,11.725,Enrolled
126.0,1,0,19,0,6,12.183333333333332,6,12.183333333333332,Graduate
160.0,0,0,30,1,6,11.833333333333334,4,11.0,Dropout
160.0,0,0,51,1,0,0.0,0,0.0,Dropout
184.4,1,0,18,0,6,15.0,5,14.333333333333334,Graduate
156.0,1,0,18,0,0,0.0,0,0.0,Graduate
150.2,1,0,18,0,0,0.0,0,0.0,Graduate
126.3,1,1,18,0,8,13.435,8,13.435,Graduate
146.1,1,0,18,0,4,13.5,0,0.0,Dropout
145.3,1,0,18,0,0,0.0,0,0.0,Enrolled
116.8,1,0,23,0,17,11.5,17,12.176470588235292,Graduate
132.1,1,0,19,0,2,10.5,3,11.0,Enrolled
102.6,1,0,21,0,4,12.0,2,11.5,Enrolled
112.3,0,0,18,0,5,12.2,4,11.5,Dropout
155.3,1,0,18,0,0,0.0,0,0.0,Graduate
153.8,1,0,21,0,10,14.5,8,14.0,Graduate
110.0,1,0,20,0,6,13.333333333333334,6,12.666666666666666,Graduate
128.2,1,0,24,0,9,12.0,9,12.555555555555555,Graduate
120.4,1,0,18,0,6,15.125,6,14.0,Graduate
153.0,1,0,18,0,6,13.116666666666667,6,13.116666666666667,Graduate
117.9,1,0,19,0,6,12.833333333333334,6,11.666666666666666,Graduate
145.6,1,1,20,0,6,13.333333333333334,6,14.166666666666666,Graduate
119.8,1,0,18,0,7,13.877142857142855,8,15.6625,Graduate
126.8,1,0,18,0,7,12.944285714285714,7,12.944285714285714,Graduate
106.1,1,0,19,0,5,12.333333333333334,5,11.0,Enrolled
137.3,1,0,19,0,6,14.266666666666666,6,14.266666666666666,Graduate
115.5,1,0,18,0,5,13.0,5,14.0,Graduate
127.5,1,0,20,0,8,12.48375,8,12.48375,Graduate
116.3,1,0,18,0,7,13.428571428571429,8,15.3125,Graduate
113.2,0,0,18,0,3,10.666666666666666,0,0.0,Dropout
132.6,1,0,18,0,5,15.4,5,12.2,Graduate
132.0,1,0,18,0,6,13.45,6,13.45,Graduate
130.3,1,1,18,0,6,12.6,6,12.6,Graduate
116.7,1,0,20,0,7,12.485714285714286,8,12.9375,Graduate
134.0,1,1,22,0,5,10.8,5,12.8,Graduate
100.0,1,0,20,0,5,12.2,5,14.6,Enrolled
140.0,1,0,20,0,5,14.2,2,13.5,Enrolled
139.2,1,0,18,0,6,13.833333333333334,6,14.0,Graduate
132.6,1,0,18,0,5,12.8,3,10.0,Enrolled
129.4,1,0,18,0,5,13.2,4,12.5,Graduate
125.6,1,1,18,0,1,14.0,0,0.0,Dropout
129.3,1,0,19,0,8,13.875,5,14.0,Graduate
128.4,1,1,19,0,5,12.5,5,12.714285714285714,Graduate
139.9,1,1,18,0,6,13.428571428571429,6,12.5,Graduate
124.8,0,1,18,0,5,11.8,5,13.0,Enrolled
128.5,1,1,18,0,7,14.868571428571428,8,15.11111111111111,Graduate
117.8,1,0,18,0,7,13.03,8,13.21875,Graduate
115.1,1,0,19,0,6,14.571428571428571,6,12.333333333333334,Graduate
118.0,1,0,18,0,5,11.0,4,11.25,Graduate
120.0,1,1,25,0,8,13.3675,8,13.3675,Graduate
119.6,1,1,19,0,6,12.808333333333332,7,12.825714285714286,Graduate
133.2,1,0,18,0,7,13.918571428571427,8,13.8875,Graduate
141.8,1,0,19,0,6,13.0,4,12.8,Graduate
130.3,1,0,18,0,6,13.683333333333332,6,13.683333333333332,Graduate
100.0,1,0,24,0,5,13.0,1,12.0,Dropout
114.6,1,0,21,0,5,12.8,5,11.2,Graduate
123.4,1,1,18,0,6,13.571428571428571,6,12.166666666666666,Graduate
116.4,1,0,18,0,6,13.166666666666666,6,13.166666666666666,Graduate
123.2,1,1,20,0,6,15.0,6,14.5,Graduate
123.7,1,0,19,0,6,12.666666666666666,5,11.4,Graduate
127.6,1,1,19,0,6,13.857142857142858,6,13.142857142857142,Dropout
117.1,1,0,30,0,7,14.692857142857145,8,14.9625,Graduate
149.3,1,0,18,0,8,14.035,8,14.035,Graduate
125.6,1,0,18,0,4,11.0,3,14.0,Graduate
145.0,1,1,18,0,6,13.333333333333334,6,13.333333333333334,Graduate
115.0,1,0,20,0,6,11.7725,7,12.33,Graduate
114.3,1,0,19,0,0,0.0,0,0.0,Dropout
126.0,1,0,19,0,0,0.0,0,0.0,Dropout
124.0,0,0,19,0,0,0.0,0,0.0,Dropout
122.6,1,1,18,0,6,12.285714285714286,6,12.0,Graduate
133.8,1,0,17,0,5,12.46,5,12.46,Enrolled
113.5,1,0,19,0,6,12.166666666666666,6,13.166666666666666,Graduate
122.6,1,0,18,0,5,11.833333333333334,2,11.5,Enrolled
140.0,1,0,25,0,7,14.805714285714286,7,14.805714285714286,Graduate
107.0,1,0,19,0,5,10.6,6,11.714285714285714,Dropout
130.0,0,0,24,0,8,13.125,6,13.0,Enrolled
124.2,1,1,19,0,6,12.833333333333334,6,12.666666666666666,Graduate
125.8,1,1,20,0,0,0.0,0,0.0,Enrolled
108.0,1,1,20,0,5,13.0,5,13.8,Graduate
115.2,1,1,20,0,7,12.725,8,13.7125,Graduate
129.3,1,0,19,0,4,11.25,3,10.333333333333334,Graduate
120.0,1,0,31,0,11,13.818181818181818,12,13.461538461538462,Graduate
116.7,1,0,20,0,3,12.333333333333334,3,13.0,Graduate
121.0,1,0,18,0,3,12.333333333333334,5,11.6,Enrolled
128.2,1,0,18,0,4,13.25,3,10.666666666666666,Enrolled
121.1,1,0,18,0,6,13.666666666666666,5,15.4,Graduate
112.6,1,0,20,0,8,12.625,3,11.0,Enrolled
123.3,1,1,20,0,6,14.833333333333334,6,12.142857142857142,Graduate
129.4,1,1,19,0,5,11.2,5,13.125,Dropout
119.9,1,1,21,0,5,11.4,5,12.2,Graduate
131.6,1,0,18,0,7,13.135,8,13.244444444444444,Graduate
120.0,1,0,21,0,10,13.0,10,11.4,Dropout
110.0,1,0,19,0,4,12.85,7,12.62142857142857,Enrolled
143.0,1,0,20,0,6,13.5,5,12.5,Graduate
140.0,1,0,20,0,6,14.285714285714286,3,13.0,Enrolled
119.2,1,1,18,0,5,13.5,6,14.5,Graduate
124.3,1,1,18,0,4,10.75,5,13.0,Graduate
111.1,1,1,18,0,6,11.333333333333334,6,11.833333333333334,Graduate
150.0,1,1,21,0,3,13.0,5,13.285714285714286,Graduate
147.3,1,0,18,0,6,13.966666666666669,6,13.966666666666669,Graduate
147.5,1,1,18,0,8,14.14125,8,14.14125,Graduate
108.0,1,1,20,0,4,11.6,4,11.75,Graduate
130.0,1,1,32,0,8,14.6625,8,14.6625,Graduate
130.0,1,0,34,0,0,0.0,0,0.0,Enrolled
109.0,1,1,23,0,6,12.993333333333334,8,12.66875,Graduate
112.0,1,0,18,0,4,11.25,5,12.2,Enrolled
121.2,1,0,18,0,5,12.2,5,12.8,Graduate
140.0,1,0,34,0,0,0.0,0,0.0,Dropout
119.5,1,0,25,0,6,11.333333333333334,4,11.75,Enrolled
125.9,1,0,21,0,5,12.2,5,11.8,Graduate
121.5,1,1,20,0,0,0.0,0,0.0,Dropout
121.5,1,0,18,0,6,11.333333333333334,6,11.666666666666666,Graduate
132.4,1,0,18,0,6,13.857142857142858,6,13.1,Graduate
122.4,1,0,18,0,6,12.857142857142858,6,13.333333333333334,Graduate
110.0,1,0,24,0,1,10.0,0,0.0,Dropout
120.4,0,0,32,0,14,10.214285714285714,13,11.384615384615383,Graduate
105.0,0,0,24,0,6,11.285714285714286,3,10.333333333333334,Dropout
137.8,1,1,18,0,6,13.833333333333334,0,0.0,Dropout
118.0,1,0,28,0,6,12.857142857142858,5,12.6,Graduate
122.1,1,1,18,0,6,11.666666666666666,4,12.0,Dropout
140.0,0,0,24,0,0,0.0,0,0.0,Dropout
143.2,1,0,19,0,5,14.4,5,13.2,Graduate
120.5,1,0,44,0,6,14.833333333333334,6,14.166666666666666,Graduate
119.5,1,1,18,0,6,14.333333333333334,6,12.0,Graduate
147.5,1,0,18,0,0,0.0,0,0.0,Graduate
129.6,1,0,22,0,0,0.0,0,0.0,Dropout
126.1,1,1,18,0,6,12.333333333333334,6,12.666666666666666,Graduate
160.0,1,0,44,0,5,11.8,5,12.4,Graduate
105.5,1,0,33,0,5,13.2,5,10.6,Dropout
95.5,0,0,32,0,0,0.0,0,0.0,Dropout
107.5,0,0,35,0,0,0.0,0,0.0,Dropout
106.1,1,0,20,0,6,11.5,6,13.285714285714286,Graduate
116.3,1,0,24,0,5,12.6,5,12.2,Graduate
137.4,1,0,19,0,7,13.542857142857144,8,14.22222222222222,Graduate
101.8,1,0,21,0,5,11.6,5,13.0,Enrolled
144.1,1,1,19,1,6,13.666666666666666,6,13.833333333333334,Graduate
107.8,0,0,27,1,0,0.0,0,0.0,Dropout
128.2,0,0,30,0,0,0.0,0,0.0,Dropout
117.0,1,0,21,1,0,0.0,0,0.0,Dropout
110.4,1,0,19,1,6,11.5,6,12.285714285714286,Graduate
170.0,1,0,34,0,2,11.5,4,11.75,Enrolled
100.0,1,0,18,1,7,11.828571428571427,7,12.9125,Graduate
117.0,1,0,21,1,0,0.0,0,0.0,Graduate
133.5,1,0,17,1,0,0.0,0,0.0,Enrolled
128.0,1,1,19,0,6,12.966666666666669,6,12.966666666666669,Graduate
122.1,1,0,18,1,6,13.833333333333334,6,13.666666666666666,Graduate
133.4,1,0,19,0,7,14.125714285714285,8,14.36875,Graduate
112.0,1,0,45,0,5,12.166666666666666,0,0.0,Dropout
130.0,1,0,26,0,6,12.666666666666666,4,12.25,Graduate
100.0,1,0,51,1,0,0.0,0,0.0,Dropout
162.0,1,1,49,1,6,12.285714285714286,6,14.166666666666666,Graduate
153.0,1,0,22,1,3,14.5,4,14.375,Enrolled
131.4,1,0,22,1,2,10.0,1,10.0,Dropout
128.2,1,0,33,0,2,11.5,2,12.0,Dropout
148.9,1,0,20,0,5,11.6,4,11.5,Graduate
128.4,1,1,18,0,6,12.5,6,11.666666666666666,Graduate
120.3,0,0,20,0,3,11.666666666666666,2,11.0,Dropout
100.0,1,0,37,0,7,13.428571428571429,10,11.6,Graduate
126.1,1,0,18,1,6,13.666666666666666,6,13.5,Graduate
111.7,1,0,19,0,6,12.5,6,12.166666666666666,Graduate
140.0,1,0,21,0,6,13.0,4,12.8,Graduate
122.2,1,0,20,0,6,12.783333333333331,7,12.842857142857143,Graduate
118.7,1,0,19,0,0,0.0,0,0.0,Dropout
121.5,1,0,20,0,4,13.5,4,11.225,Dropout
134.5,1,0,18,0,7,13.457142857142856,8,15.125,Graduate
127.0,1,0,19,0,7,13.44285714285714,7,13.44285714285714,Graduate
114.2,1,0,18,0,4,11.0,5,10.833333333333334,Graduate
125.3,1,1,18,0,6,11.333333333333334,6,12.285714285714286,Graduate
120.4,1,0,18,0,2,10.0,0,0.0,Dropout
123.0,1,0,19,0,5,13.44,6,13.066666666666668,Enrolled
130.5,1,1,18,0,7,12.214285714285714,8,14.0625,Graduate
125.5,1,1,19,0,6,14.166666666666666,6,13.5,Graduate
133.8,1,1,24,0,12,12.846153846153848,11,12.636363636363637,Graduate
150.0,1,0,20,0,6,13.0,2,12.0,Enrolled
130.5,1,1,21,0,5,12.8,4,11.25,Graduate
140.0,0,0,20,0,4,13.0,5,12.0,Dropout
119.4,1,1,19,0,7,13.371428571428572,8,13.666666666666666,Graduate
121.3,1,1,19,0,7,13.385714285714286,8,13.3875,Graduate
126.3,1,0,18,0,7,13.328571428571427,7,13.328571428571427,Graduate
111.6,1,0,19,0,5,14.0,5,11.0,Graduate
111.3,1,0,21,0,5,12.6,5,13.2,Graduate
122.5,1,1,19,0,6,14.0,6,15.0,Graduate
116.5,1,1,18,0,6,13.428571428571429,6,12.666666666666666,Graduate
132.0,1,1,17,0,6,13.0,6,12.5,Graduate
123.7,1,0,19,0,5,12.666666666666666,5,11.0,Enrolled
117.0,0,0,23,1,3,10.0,3,12.333333333333334,Dropout
116.5,1,0,19,0,6,12.833333333333334,6,11.77777777777778,Graduate
121.5,1,0,18,0,6,12.916666666666666,6,12.916666666666666,Graduate
105.0,1,0,20,0,6,13.285714285714286,5,13.8,Graduate
121.3,1,1,19,0,5,14.6,5,13.8,Graduate
136.1,1,1,18,0,6,14.0,6,13.666666666666666,Graduate
123.6,1,1,19,0,6,14.142857142857142,6,15.0,Graduate
129.0,1,0,19,0,6,11.666666666666666,6,12.333333333333334,Graduate
136.8,1,0,18,0,8,14.3775,8,14.3775,Graduate
133.4,1,0,18,0,7,12.5,7,13.042857142857144,Graduate
136.0,1,1,19,0,6,14.15,6,14.15,Graduate
125.8,1,1,19,0,7,12.471428571428572,7,12.471428571428572,Graduate
120.5,1,0,19,0,6,14.15,6,14.15,Graduate
130.2,1,0,21,0,7,14.072222222222225,8,14.0475,Graduate
135.9,1,0,18,0,6,14.857142857142858,6,14.666666666666666,Graduate
116.5,1,1,19,0,6,14.285714285714286,6,13.166666666666666,Graduate
124.0,0,0,18,0,0,0.0,0,0.0,Dropout
140.0,1,0,30,0,0,0.0,0,0.0,Dropout
150.9,1,0,18,0,6,15.0,5,15.166666666666666,Dropout
127.3,1,1,20,0,6,12.633333333333333,6,12.633333333333333,Graduate
100.0,0,0,25,0,5,11.2,5,12.6,Dropout
128.8,1,0,18,0,6,14.233333333333334,6,14.233333333333334,Graduate
119.7,1,0,21,0,5,12.2,3,11.333333333333334,Enrolled
140.8,1,0,18,0,7,15.7,7,15.7,Graduate
138.0,1,0,18,0,6,15.2,6,15.2,Graduate
132.9,0,0,29,0,6,16.333333333333332,5,15.6,Dropout
140.0,1,0,20,0,14,12.5625,12,12.857142857142858,Graduate
140.0,1,0,26,0,0,0.0,0,0.0,Dropout
99.3,1,0,21,0,5,12.4,6,12.0,Graduate
119.3,1,1,19,0,8,13.78125,8,13.78125,Graduate
113.2,1,0,19,0,6,12.166666666666666,5,11.666666666666666,Dropout
117.0,1,0,21,0,5,11.8,5,11.833333333333334,Enrolled
123.0,1,0,20,0,4,10.8,4,12.0,Graduate
127.2,1,1,18,0,7,13.26,8,14.28625,Graduate
141.0,0,0,20,0,4,12.0,3,10.666666666666666,Dropout
121.7,1,1,20,0,6,11.875,6,14.428571428571429,Graduate
121.1,1,1,18,0,5,12.16,2,13.4,Enrolled
146.1,1,0,18,0,1,15.0,4,12.5,Enrolled
142.5,1,0,18,0,6,13.333333333333334,5,13.2,Graduate
126.8,1,0,18,0,2,11.5,3,11.8,Enrolled
150.0,1,0,22,0,6,14.428571428571429,5,13.0,Graduate
150.0,1,0,19,0,1,13.0,3,15.333333333333334,Enrolled
134.5,1,1,19,0,6,15.0,6,14.333333333333334,Graduate
129.5,1,0,18,0,7,15.155555555555557,8,16.8,Graduate
113.2,1,0,20,0,6,10.666666666666666,6,11.857142857142858,Graduate
140.2,1,0,18,0,5,11.0,4,11.25,Dropout
119.2,1,0,21,0,0,0.0,0,0.0,Dropout
140.7,1,0,19,0,6,12.285714285714286,6,12.0,Graduate
142.3,1,0,18,0,8,12.82875,8,12.82875,Dropout
129.9,1,0,18,0,6,12.666666666666666,5,14.4,Graduate
134.8,1,0,18,0,0,0.0,0,0.0,Enrolled
104.1,0,1,21,0,2,13.0,0,0.0,Dropout
122.4,1,0,19,0,5,10.875,4,12.4,Graduate
120.6,1,1,19,0,5,12.8,5,11.6,Graduate
112.4,1,0,19,0,5,11.285714285714286,0,0.0,Dropout
157.9,1,0,18,0,0,0.0,0,0.0,Graduate
125.9,1,1,19,0,0,0.0,1,10.0,Dropout
118.4,1,1,20,0,6,13.766666666666666,8,13.744444444444444,Dropout
130.8,0,0,18,0,6,12.758333333333333,6,12.758333333333333,Dropout
176.7,1,1,19,0,0,0.0,0,0.0,Dropout
156.8,1,0,18,0,6,12.666666666666666,6,13.25,Graduate
126.8,1,0,18,0,6,12.0,4,12.75,Enrolled
128.0,1,1,19,0,6,12.25,6,12.0,Graduate
113.8,1,0,20,0,3,11.333333333333334,5,12.2,Graduate
120.8,1,1,19,0,7,13.507142857142856,8,13.05,Graduate
130.8,1,0,18,0,7,13.614285714285714,7,13.614285714285714,Graduate
101.0,1,0,25,0,0,0.0,0,0.0,Dropout
126.1,0,0,18,0,4,11.5,6,12.166666666666666,Graduate
113.8,1,0,19,0,6,12.333333333333334,6,12.5,Graduate
118.3,1,1,19,0,7,11.971428571428572,8,14.4375,Graduate
127.9,0,1,20,0,2,13.0,2,11.5,Dropout
131.1,1,0,18,0,7,12.385714285714286,7,12.728571428571428,Enrolled
117.9,1,0,20,0,2,13.5,5,11.285714285714286,Graduate
115.7,1,0,21,0,6,12.166666666666666,6,13.285714285714286,Graduate
141.0,1,0,19,0,0,0.0,0,0.0,Graduate
120.0,1,0,42,0,6,11.666666666666666,6,13.666666666666666,Graduate
131.8,0,0,18,0,5,12.4,5,14.166666666666666,Enrolled
131.1,1,1,19,0,5,13.4,6,12.833333333333334,Graduate
117.8,1,0,18,0,6,12.0,4,12.5,Graduate
140.0,1,0,21,0,5,14.2,5,14.8,Graduate
108.0,1,1,20,0,6,12.125,6,14.428571428571429,Graduate
122.9,1,0,20,0,7,13.857142857142858,7,13.285714285714286,Graduate
130.0,1,0,21,0,3,11.75,5,12.333333333333334,Enrolled
126.0,1,0,19,0,7,14.283333333333337,8,13.125555555555556,Graduate
134.0,1,0,21,0,11,13.272727272727272,9,13.0,Graduate
134.3,1,0,19,0,6,14.666666666666666,6,15.142857142857142,Graduate
138.7,1,1,19,0,7,15.114999999999998,8,15.092,Graduate
143.3,1,0,18,0,0,0.0,0,0.0,Enrolled
160.0,1,0,22,0,6,15.0,6,13.142857142857142,Graduate
111.0,1,0,21,0,5,13.2,5,14.333333333333334,Graduate
128.5,1,1,18,0,2,11.0,3,10.333333333333334,Dropout
133.0,1,1,20,0,7,14.565714285714288,7,14.565714285714288,Graduate
114.6,0,0,18,0,3,12.0,4,10.75,Dropout
104.1,1,0,20,0,0,0.0,0,0.0,Dropout
127.6,1,0,23,0,6,13.796666666666669,7,13.775,Graduate
151.0,1,0,18,0,6,14.833333333333334,6,15.333333333333334,Graduate
135.7,1,0,20,0,6,12.833333333333334,6,13.833333333333334,Graduate
137.8,1,1,18,0,7,14.962857142857144,7,14.962857142857144,Graduate
117.3,1,0,20,0,4,12.0,5,11.2,Graduate
121.2,1,0,18,0,7,12.4,8,12.8,Graduate
129.3,1,0,20,0,6,15.571428571428571,6,17.166666666666668,Graduate
123.0,1,0,19,0,7,13.714285714285714,7,13.714285714285714,Graduate
140.0,1,0,21,0,6,13.142857142857142,6,12.166666666666666,Graduate
140.0,1,0,33,0,6,15.0,3,11.0,Graduate
144.6,0,0,24,0,1,13.0,0,0.0,Dropout
118.3,1,1,20,0,11,12.0,11,12.75,Graduate
153.6,1,0,18,0,0,0.0,0,0.0,Graduate
158.3,1,0,18,0,6,15.166666666666666,6,14.166666666666666,Graduate
100.0,1,0,29,0,4,12.0,2,10.5,Dropout
134.9,1,0,18,0,7,13.642857142857142,8,14.772727272727272,Graduate
142.0,1,0,19,0,6,12.666666666666666,6,12.714285714285714,Graduate
127.3,1,0,19,0,0,0.0,0,0.0,Dropout
116.5,1,1,18,0,5,10.8,6,10.5,Graduate
138.6,1,1,19,0,6,14.25,8,13.063636363636364,Graduate
133.0,1,0,20,0,12,12.153846153846152,10,12.9,Dropout
136.2,1,0,19,0,1,11.5,2,10.5,Enrolled
118.0,1,1,19,0,4,12.25,3,12.333333333333334,Graduate
126.8,1,1,18,0,6,12.0,5,11.142857142857142,Enrolled
128.5,1,1,18,0,8,13.40375,8,13.40375,Graduate
129.9,1,1,19,0,6,11.333333333333334,3,12.666666666666666,Graduate
125.8,1,0,20,1,5,12.2,6,12.333333333333334,Dropout
129.3,1,1,18,1,0,0.0,0,0.0,Enrolled
124.7,1,0,18,1,0,0.0,0,0.0,Dropout
154.9,0,0,35,1,5,16.166666666666668,4,16.0,Dropout
127.3,1,0,18,1,3,11.0,3,11.0,Enrolled
129.0,1,1,19,1,0,0.0,0,0.0,Graduate
98.0,1,1,19,1,4,12.0,6,12.285714285714286,Enrolled
122.0,1,0,20,1,2,10.5,4,12.25,Enrolled
112.5,1,0,19,1,3,11.666666666666666,4,10.333333333333334,Enrolled
127.3,1,0,19,1,3,11.0,2,10.0,Dropout
100.5,1,0,24,1,0,0.0,0,0.0,Dropout
122.0,0,0,29,1,4,12.5,0,0.0,Dropout
140.0,1,0,24,1,7,11.294444444444444,2,12.6,Graduate
116.1,1,0,19,1,5,11.2,4,12.5,Graduate
130.0,1,0,37,1,0,0.0,0,0.0,Dropout
146.2,1,0,18,1,5,13.2,5,11.8,Graduate
180.0,1,1,20,1,6,14.142857142857142,6,14.125,Enrolled
127.8,0,0,18,1,0,0.0,0,0.0,Dropout
130.8,1,0,22,1,0,0.0,3,13.333333333333334,Enrolled
109.0,1,1,22,1,3,12.333333333333334,3,10.571428571428571,Enrolled
132.4,0,0,18,1,0,0.0,0,0.0,Dropout
129.3,1,0,18,1,7,13.1,7,13.1,Graduate
125.4,1,0,19,1,6,13.5,6,13.166666666666666,Graduate
130.2,1,0,19,1,5,10.2,3,12.0,Enrolled
132.0,1,0,19,1,5,11.571428571428571,3,13.0,Dropout
170.0,1,0,21,1,6,15.285714285714286,6,15.166666666666666,Graduate
130.2,1,0,19,1,5,12.6,8,11.0,Enrolled
115.5,1,0,18,1,6,13.433333333333332,4,13.6,Graduate
127.6,1,0,19,1,5,11.6,3,11.0,Dropout
140.0,1,0,25,1,6,14.666666666666666,6,13.5,Graduate
120.2,1,0,22,1,6,14.666666666666666,6,14.666666666666666,Graduate
150.0,1,0,24,1,7,12.742857142857144,7,12.742857142857144,Graduate
100.0,1,0,19,1,7,11.975,7,13.12857142857143,Graduate
100.0,1,0,18,1,4,12.25,3,11.666666666666666,Enrolled
128.0,0,0,20,1,0,0.0,0,0.0,Dropout
128.0,1,1,19,1,7,14.935714285714283,7,14.935714285714283,Graduate
107.2,1,0,19,1,2,10.5,4,10.0,Dropout
110.1,1,0,19,1,5,13.333333333333334,5,13.0,Graduate
119.0,1,0,23,1,0,0.0,0,0.0,Dropout
155.5,1,0,47,1,5,13.8,4,14.0,Dropout
118.4,1,0,19,1,6,11.833333333333334,4,10.75,Graduate
141.2,1,0,19,1,0,0.0,0,0.0,Graduate
119.1,1,0,18,1,0,0.0,0,0.0,Dropout
111.0,1,0,28,1,2,10.0,0,0.0,Dropout
138.6,1,0,20,1,4,11.5,3,11.666666666666666,Dropout
121.2,1,1,18,1,3,10.666666666666666,4,12.0,Enrolled
150.4,1,1,21,1,0,0.0,0,0.0,Graduate
117.8,1,0,19,1,4,12.75,2,13.0,Enrolled
102.5,0,0,24,1,0,0.0,0,0.0,Dropout
110.0,1,0,24,1,6,11.333333333333334,3,11.333333333333334,Enrolled
138.3,0,0,25,1,0,0.0,0,0.0,Enrolled
122.3,1,0,28,1,6,13.0,5,12.2,Graduate
127.8,1,0,37,1,4,10.75,3,11.333333333333334,Enrolled
100.0,1,0,19,1,5,12.0,2,10.5,Enrolled
126.4,1,1,18,1,7,13.462857142857144,8,13.90625,Graduate
100.0,1,0,48,1,3,10.0,1,10.0,Dropout
117.1,1,0,21,1,6,12.333333333333334,6,13.666666666666666,Graduate
124.7,1,1,19,1,6,12.528571428571428,6,12.416666666666666,Enrolled
124.1,1,1,21,1,0,0.0,0,0.0,Enrolled
129.4,0,0,23,1,0,0.0,0,0.0,Dropout
138.9,1,0,18,1,5,13.6,4,13.25,Graduate
138.6,1,0,22,1,6,12.333333333333334,2,14.0,Dropout
133.9,1,0,25,1,10,11.454545454545457,7,12.25,Dropout
140.0,1,0,27,1,8,13.5,5,14.4,Dropout
95.1,0,0,49,1,0,0.0,0,0.0,Dropout
128.2,0,0,31,1,2,11.0,0,0.0,Dropout
121.5,1,0,54,1,6,13.714285714285714,5,14.333333333333334,Dropout
120.0,0,0,25,1,21,12.363636363636363,12,12.25,Dropout
130.0,1,0,20,1,3,10.666666666666666,2,11.5,Enrolled
120.0,1,0,28,1,2,12.0,3,12.666666666666666,Dropout
107.0,1,0,41,1,7,12.857142857142858,6,13.166666666666666,Graduate
116.1,1,1,19,1,6,13.125,6,12.714285714285714,Enrolled
114.4,1,0,22,1,0,0.0,2,11.5,Dropout
157.7,1,0,34,1,2,13.5,0,0.0,Dropout
150.0,0,0,28,1,11,15.090909090909092,10,15.0,Dropout
114.3,1,0,42,1,5,12.4,5,11.8,Enrolled
104.6,0,0,21,1,5,14.0,4,14.8,Enrolled
140.0,1,0,50,1,2,13.5,1,13.0,Dropout
109.1,1,0,19,1,0,0.0,0,0.0,Dropout
120.6,1,0,18,1,4,12.65,3,10.666666666666666,Dropout
161.9,1,0,59,1,0,0.0,0,0.0,Dropout
140.0,0,0,33,1,0,0.0,0,0.0,Dropout
178.0,1,1,23,1,6,13.333333333333334,5,12.8,Graduate
138.3,1,0,44,1,3,11.333333333333334,5,11.142857142857142,Dropout
128.0,1,0,37,1,0,0.0,0,0.0,Dropout
139.0,1,0,36,1,0,0.0,0,0.0,Dropout
113.2,0,0,22,1,3,11.666666666666666,2,10.5,Dropout
139.0,1,0,49,1,6,12.166666666666666,6,14.428571428571429,Graduate
110.0,1,0,23,1,6,13.333333333333334,4,12.75,Graduate
136.6,1,0,19,1,5,11.4,3,11.0,Enrolled
161.1,1,0,47,1,6,12.142857142857142,0,0.0,Dropout
130.0,1,0,28,1,17,13.058823529411764,12,12.307692307692308,Graduate
140.0,1,0,21,1,4,11.75,4,10.5,Enrolled
121.0,0,0,21,1,5,11.833333333333334,5,10.0,Dropout
118.6,1,0,21,1,10,12.4,10,11.8,Graduate
138.3,1,0,20,1,6,13.428571428571429,4,11.5,Enrolled
115.8,0,0,49,1,0,0.0,0,0.0,Dropout
160.0,1,0,40,1,5,11.0,5,13.4,Graduate
114.5,1,1,22,1,6,13.625,6,14.428571428571429,Graduate
117.5,1,0,19,1,4,11.8,2,11.5,Enrolled
121.7,1,0,31,1,0,0.0,0,0.0,Dropout
115.0,1,0,30,1,2,15.0,2,13.5,Dropout
125.3,1,0,19,1,5,10.8,5,11.0,Graduate
131.0,1,0,22,1,3,13.666666666666666,3,11.333333333333334,Dropout
126.3,1,0,19,1,6,12.833333333333334,6,13.333333333333334,Graduate
127.1,0,0,21,1,0,0.0,0,0.0,Dropout
138.4,1,0,19,1,6,15.125,6,13.428571428571429,Graduate
100.0,1,0,22,1,0,0.0,1,10.0,Dropout
126.2,1,0,22,1,5,11.4,5,11.0,Graduate
118.8,1,0,19,1,4,12.25,6,11.0,Graduate
124.5,0,0,26,1,0,0.0,0,0.0,Dropout
140.0,1,0,23,1,3,14.0,1,14.0,Enrolled
125.1,1,0,18,1,6,12.333333333333334,5,10.8,Enrolled
118.8,1,1,22,1,5,10.666666666666666,2,11.0,Enrolled
125.2,1,0,19,1,5,11.833333333333334,5,14.714285714285714,Enrolled
95.0,1,0,20,1,0,0.0,0,0.0,Dropout
107.6,1,1,22,1,6,11.666666666666666,6,12.166666666666666,Enrolled
140.0,0,0,18,1,2,13.0,0,0.0,Dropout
125.4,1,0,39,1,0,0.0,0,0.0,Dropout
128.0,1,0,18,1,0,0.0,0,0.0,Dropout
129.3,1,1,18,1,5,13.0,5,14.2,Graduate
152.0,1,1,19,1,6,13.857142857142858,6,14.0,Graduate
128.8,1,0,18,1,6,13.391666666666666,8,12.4875,Graduate
152.8,1,1,18,1,4,12.75,0,0.0,Dropout
150.0,1,0,22,1,4,14.5,5,14.6,Graduate
112.0,1,0,19,1,6,12.166666666666666,6,12.166666666666666,Graduate
135.6,1,0,18,1,5,15.4,5,15.6,Dropout
134.4,0,0,31,1,2,13.333333333333334,2,16.0,Dropout
120.5,1,0,28,1,0,0.0,0,0.0,Dropout
141.4,1,0,19,1,0,0.0,0,0.0,Dropout
145.2,1,0,20,1,6,13.714285714285714,6,14.714285714285714,Graduate
140.0,1,0,50,1,4,12.25,0,0.0,Dropout
100.0,1,0,38,1,5,16.0,4,16.5,Enrolled
140.0,1,0,31,1,1,11.0,1,13.0,Dropout
126.0,1,0,27,1,7,14.085714285714284,7,14.085714285714284,Enrolled
112.6,1,0,21,1,6,10.166666666666666,6,10.5,Graduate
106.8,1,0,34,1,1,10.0,0,0.0,Dropout
121.6,1,0,19,1,0,0.0,1,10.0,Enrolled
120.0,0,0,40,1,2,10.5,3,10.666666666666666,Dropout
160.6,1,1,18,1,0,0.0,0,0.0,Graduate
130.0,0,1,46,1,0,0.0,0,0.0,Dropout
110.0,1,0,37,1,0,0.0,0,0.0,Dropout
110.0,1,0,31,1,0,0.0,0,0.0,Dropout
145.8,1,0,34,1,5,13.333333333333334,5,12.4,Graduate
130.2,1,1,18,1,0,0.0,0,0.0,Dropout
122.3,1,1,18,1,6,13.571428571428571,6,14.333333333333334,Graduate
125.4,1,1,19,1,6,12.833333333333334,6,11.166666666666666,Graduate
130.0,1,0,40,1,4,10.25,5,11.2,Dropout
150.0,1,0,25,1,0,0.0,0,0.0,Dropout
116.9,1,0,20,1,4,14.5,3,13.333333333333334,Dropout
114.7,1,0,20,1,5,15.8,5,13.714285714285714,Enrolled
95.8,0,0,43,1,0,0.0,0,0.0,Dropout
133.1,1,0,18,1,4,12.5,3,14.666666666666666,Enrolled
150.0,1,0,35,1,18,11.666666666666666,12,11.5,Graduate
118.5,1,0,23,1,4,13.0,5,13.0,Graduate
131.1,1,0,19,1,7,12.12142857142857,8,11.50625,Graduate
150.3,1,1,21,1,9,14.22222222222222,7,13.75,Graduate
120.5,1,0,19,1,4,12.5,4,13.25,Enrolled
105.6,1,0,20,1,5,12.166666666666666,5,15.285714285714286,Graduate
125.3,1,1,30,1,0,0.0,0,0.0,Dropout
131.0,1,0,44,1,6,12.666666666666666,6,11.5,Graduate
127.0,1,0,19,1,7,13.614285714285714,7,13.614285714285714,Graduate
150.0,1,0,22,1,12,12.857142857142858,10,14.3,Graduate
149.2,1,0,18,1,4,14.0,5,14.2,Graduate
121.5,1,1,21,1,4,14.75,5,11.8,Graduate
137.3,1,0,18,1,0,0.0,0,0.0,Dropout
119.6,1,0,18,1,6,13.625,6,14.285714285714286,Graduate
141.5,1,0,19,1,0,0.0,0,0.0,Graduate
150.0,1,0,21,1,4,11.8,4,11.875,Dropout
110.0,1,0,31,1,6,15.125,6,14.6,Graduate
110.2,1,0,21,1,4,11.5,2,10.5,Dropout
110.3,1,0,24,1,1,10.0,1,11.0,Enrolled
120.0,1,0,27,1,0,0.0,0,0.0,Dropout
114.2,1,0,20,1,3,10.333333333333334,5,12.8,Graduate
140.0,1,0,22,1,0,0.0,2,11.666666666666666,Enrolled
132.8,1,1,19,1,4,12.0,4,12.5,Enrolled
121.5,1,0,19,1,6,13.833333333333334,6,14.5,Graduate
127.2,1,0,23,1,13,12.153846153846152,11,11.909090909090908,Enrolled
128.2,1,0,18,1,6,14.0,6,13.666666666666666,Graduate
133.4,0,0,29,1,6,16.5,5,13.8,Enrolled
120.0,1,0,29,1,1,18.0,3,13.333333333333334,Dropout
140.0,1,0,20,1,6,11.285714285714286,5,11.77777777777778,Enrolled
136.9,1,1,19,1,0,0.0,0,0.0,Graduate
117.0,1,0,22,1,0,0.0,0,0.0,Enrolled
110.7,1,0,20,1,5,14.0,6,12.0,Enrolled
160.0,1,0,24,1,4,13.75,3,12.0,Enrolled
95.0,0,0,21,1,4,13.25,5,11.0,Dropout
148.8,1,1,25,1,4,14.25,4,14.75,Graduate
110.0,0,0,32,1,0,0.0,0,0.0,Dropout
133.9,0,0,26,1,8,11.25,3,11.333333333333334,Dropout
125.7,1,1,18,1,6,13.5,6,12.5,Graduate
116.6,1,1,19,1,5,12.666666666666666,6,12.857142857142858,Graduate
141.0,1,1,19,1,6,15.166666666666666,6,12.333333333333334,Graduate
130.0,1,0,27,1,6,13.166666666666666,5,15.142857142857142,Dropout
130.0,1,0,21,1,10,11.8,9,11.444444444444445,Enrolled
115.8,1,0,20,1,4,11.5,0,0.0,Enrolled
140.0,1,0,21,1,6,14.5,6,11.333333333333334,Graduate
126.1,1,0,22,1,5,13.4,3,10.666666666666666,Enrolled
137.5,0,0,19,1,0,0.0,0,0.0,Graduate
120.8,1,1,18,1,4,10.8,2,12.5,Dropout
136.5,1,0,28,1,0,0.0,0,0.0,Dropout
122.0,0,0,25,1,6,11.428571428571429,4,12.0,Dropout
130.0,1,0,25,1,8,12.5,10,11.6,Dropout
126.3,1,0,18,1,2,13.5,3,12.333333333333334,Enrolled
98.0,1,0,26,1,0,0.0,0,0.0,Dropout
121.0,1,1,18,1,5,12.75,5,11.5,Graduate
124.2,1,0,22,1,3,11.333333333333334,3,12.333333333333334,Enrolled
130.0,1,0,25,1,0,0.0,0,0.0,Dropout
136.1,1,0,19,1,5,11.4,5,12.4,Enrolled
132.8,1,0,19,1,6,14.428571428571429,6,14.571428571428571,Graduate
126.3,1,0,19,1,7,12.492857142857144,8,11.7125,Graduate
111.5,1,0,45,1,4,11.5,4,11.0,Dropout
118.2,1,0,52,1,5,11.2,5,12.8,Graduate
115.6,0,0,20,1,3,12.0,3,11.0,Dropout
117.8,1,0,19,1,7,15.885714285714286,7,15.885714285714286,Graduate
127.0,0,0,21,1,4,12.94,4,11.58,Dropout
140.0,0,0,35,1,6,14.0,6,14.166666666666666,Graduate
106.0,1,0,36,1,0,0.0,0,0.0,Graduate
151.0,0,0,47,1,0,0.0,0,0.0,Dropout
106.4,1,0,22,1,0,0.0,0,0.0,Dropout
125.3,1,0,41,1,4,11.25,3,11.0,Dropout
130.0,1,0,26,1,0,0.0,0,0.0,Dropout
116.0,0,0,51,0,4,11.25,0,0.0,Dropout
120.0,1,0,43,0,3,10.666666666666666,4,12.5,Enrolled
100.0,1,0,41,0,5,11.8,3,10.666666666666666,Graduate
118.5,1,0,23,1,8,11.625,10,11.181818181818182,Graduate
118.9,1,0,22,1,0,0.0,0,0.0,Dropout
119.3,1,1,25,1,4,10.25,4,11.25,Dropout
135.8,1,0,25,1,15,10.8,14,11.357142857142858,Graduate
130.0,0,1,22,1,11,12.545454545454543,11,12.666666666666666,Graduate
129.8,1,0,24,1,7,13.571428571428571,5,13.4,Enrolled
150.0,1,0,47,1,0,0.0,0,0.0,Dropout
111.9,1,0,41,1,0,0.0,0,0.0,Dropout
150.1,1,0,43,1,6,14.77777777777778,5,12.2,Graduate
130.0,1,0,29,1,0,0.0,0,0.0,Dropout
128.0,1,0,30,1,0,0.0,0,0.0,Dropout
102.5,0,0,26,1,0,0.0,0,0.0,Dropout
102.5,0,0,27,1,0,0.0,0,0.0,Dropout
110.0,1,1,36,1,5,11.4,5,11.6,Graduate
114.0,1,0,29,1,6,11.666666666666666,6,10.857142857142858,Dropout
128.2,1,0,35,1,7,11.285714285714286,5,13.0,Dropout
116.5,1,1,18,1,4,11.5,5,12.6,Graduate
149.3,1,1,24,1,5,16.0,5,16.0,Graduate
134.1,1,1,18,1,6,12.5,6,12.666666666666666,Dropout
126.6,1,0,18,1,4,12.0,3,13.0,Enrolled
120.0,1,0,21,1,0,0.0,3,11.666666666666666,Enrolled
133.5,1,0,21,1,5,13.0,5,12.6,Graduate
110.0,1,0,32,1,13,13.714285714285714,12,12.083333333333334,Graduate
107.5,1,1,22,1,3,12.333333333333334,3,12.5,Dropout
130.0,0,0,32,1,11,12.727272727272728,10,12.7,Dropout
111.6,1,0,35,1,1,14.0,0,0.0,Dropout
101.0,0,0,23,1,0,0.0,0,0.0,Dropout
108.3,1,0,39,1,5,11.4,3,11.0,Enrolled
128.2,1,0,35,1,0,0.0,1,10.0,Dropout
150.0,1,0,32,1,6,18.875,12,17.692307692307693,Graduate
142.8,1,0,20,1,0,0.0,0,0.0,Dropout
100.0,1,0,34,1,6,11.333333333333334,4,12.6,Enrolled
150.0,1,0,44,1,7,13.5,5,16.2,Dropout
156.5,1,0,53,1,2,15.0,3,10.0,Graduate
98.6,0,0,28,1,0,0.0,0,0.0,Dropout
130.0,1,0,31,1,9,14.22222222222222,5,12.8,Dropout
118.1,0,0,18,1,0,0.0,0,0.0,Enrolled
120.0,0,0,44,1,4,12.0,0,0.0,Dropout
127.7,1,0,19,1,5,12.6,4,12.0,Graduate
130.0,1,0,21,1,12,15.083333333333334,11,13.083333333333334,Enrolled
147.7,1,1,18,1,0,0.0,0,0.0,Dropout
170.0,1,0,20,1,6,14.5,6,15.3,Graduate
110.2,1,0,55,1,6,14.5,6,13.5,Graduate
146.4,1,0,27,1,3,10.0,1,13.0,Enrolled
121.0,1,0,19,1,0,0.0,0,0.0,Dropout
129.9,1,0,18,1,5,11.6,5,13.2,Graduate
132.0,1,0,43,1,4,11.75,0,0.0,Dropout
125.9,1,0,18,1,0,0.0,0,0.0,Dropout
165.7,1,0,18,1,0,0.0,0,0.0,Dropout
122.7,1,1,20,1,0,0.0,0,0.0,Dropout
141.4,0,0,29,1,4,11.25,4,11.8,Dropout
156.4,1,0,44,1,5,11.571428571428571,0,0.0,Dropout
148.5,1,0,18,1,4,10.0,1,16.0,Enrolled
140.0,1,1,20,1,5,13.833333333333334,6,12.3,Enrolled
131.7,1,0,20,1,4,12.75,3,12.666666666666666,Dropout
104.7,1,0,36,1,0,0.0,0,0.0,Dropout
150.0,1,0,19,1,5,11.6,2,11.0,Enrolled
110.0,0,0,29,1,0,0.0,0,0.0,Dropout
129.1,1,0,18,1,4,11.25,3,10.333333333333334,Dropout
120.0,0,0,24,1,0,0.0,0,0.0,Dropout
127.0,1,0,20,1,6,14.333333333333334,6,15.0,Graduate
151.5,0,0,45,1,0,0.0,0,0.0,Dropout
126.8,1,1,28,1,20,13.5,20,13.5,Graduate
140.8,1,0,23,1,6,12.666666666666666,5,12.2,Enrolled
125.6,1,0,18,1,7,12.444285714285714,7,11.347142857142858,Graduate
127.8,1,0,23,1,3,10.666666666666666,3,11.333333333333334,Dropout
120.0,1,0,22,1,0,0.0,0,0.0,Enrolled
131.3,1,1,22,1,6,12.666666666666666,5,12.4,Graduate
155.7,1,0,33,1,5,13.2,5,14.833333333333334,Graduate
128.5,1,0,21,1,10,12.7,11,12.181818181818182,Graduate
170.0,1,0,45,1,5,14.833333333333334,5,14.8,Graduate
100.0,0,0,44,1,4,11.5,1,12.0,Dropout
107.2,1,0,42,1,0,0.0,0,0.0,Dropout
139.3,1,0,20,1,0,0.0,0,0.0,Dropout
123.2,1,0,20,1,3,12.666666666666666,2,12.5,Enrolled
122.3,1,1,20,1,6,14.714285714285714,6,12.5,Graduate
127.9,1,0,20,1,3,13.666666666666666,4,10.25,Enrolled
120.3,1,0,19,1,5,10.8,2,13.5,Enrolled
128.5,0,0,26,1,4,10.5,7,10.428571428571429,Dropout
150.0,1,0,31,1,6,15.0,5,12.5,Graduate
136.1,1,1,19,1,6,12.666666666666666,6,14.0,Graduate
128.0,1,0,28,1,6,13.166666666666666,6,13.666666666666666,Graduate
158.1,1,1,20,1,0,0.0,0,0.0,Graduate
108.7,1,0,43,0,6,13.0,6,12.5,Graduate
110.0,1,1,25,1,0,0.0,0,0.0,Dropout
120.0,1,0,40,0,2,10.0,1,15.0,Dropout
150.0,1,0,20,0,6,13.333333333333334,5,13.375,Graduate
113.0,1,0,46,0,3,12.333333333333334,6,13.333333333333334,Graduate
118.6,1,0,26,0,20,13.181818181818182,14,11.642857142857142,Graduate
148.8,1,1,34,0,6,12.513333333333334,7,13.071428571428571,Graduate
120.3,1,0,19,0,0,0.0,0,0.0,Dropout
127.0,1,1,18,0,7,13.585714285714284,7,13.585714285714284,Graduate
113.8,1,0,18,0,7,11.155555555555557,8,11.425,Graduate
108.0,1,1,37,1,6,11.857142857142858,5,12.0,Graduate
129.1,1,1,23,1,0,0.0,0,0.0,Graduate
135.9,1,0,26,1,14,14.0,13,13.615384615384617,Graduate
154.4,0,0,18,0,5,12.0,0,0.0,Dropout
190.0,1,0,18,0,4,11.575,5,12.419999999999998,Enrolled
132.5,1,0,19,0,7,13.198571428571428,8,13.0625,Graduate
163.3,1,0,18,0,6,13.5,6,12.0,Graduate
122.5,1,0,19,0,6,13.333333333333334,5,12.8,Dropout
121.0,1,0,20,1,4,14.25,1,10.0,Enrolled
131.8,1,1,22,0,6,12.166666666666666,4,12.0,Graduate
135.0,1,1,18,0,7,12.214285714285714,7,12.214285714285714,Graduate
141.7,1,1,18,0,6,12.666666666666666,6,13.0,Graduate
131.3,1,1,18,0,6,12.285714285714286,6,13.5,Graduate
123.9,1,1,18,0,6,13.0,6,13.0,Graduate
126.1,1,0,18,0,6,12.142857142857142,6,11.166666666666666,Graduate
126.5,1,1,19,0,7,13.875714285714285,7,13.085714285714284,Graduate
107.3,1,0,20,0,0,0.0,0,0.0,Dropout
95.0,1,1,19,0,6,11.666666666666666,0,0.0,Dropout
116.1,1,0,18,0,6,13.153846153846152,3,11.0,Graduate
134.6,1,1,18,0,6,14.5,6,12.833333333333334,Dropout
128.0,1,1,18,0,7,14.44142857142857,8,13.65625,Graduate
144.2,1,0,18,0,6,15.166666666666666,6,14.285714285714286,Graduate
129.5,1,1,18,0,5,11.6,4,12.625,Graduate
116.8,1,0,18,0,6,11.666666666666666,6,12.333333333333334,Graduate
160.0,1,1,20,0,6,12.625,6,13.2,Graduate
127.1,1,1,19,0,3,12.666666666666666,6,11.0,Graduate
126.3,1,1,18,0,6,12.833333333333334,6,13.0,Enrolled
112.9,1,1,19,0,6,11.857142857142858,6,13.142857142857142,Graduate
130.2,1,0,19,0,5,11.4,4,10.75,Enrolled
100.0,1,0,19,0,5,14.857142857142858,5,15.142857142857142,Enrolled
121.6,1,0,19,0,6,14.714285714285714,6,15.833333333333334,Graduate
130.0,1,0,20,0,6,13.5,5,13.0,Graduate
121.7,1,1,18,0,4,11.5,5,12.4,Graduate
120.0,1,0,33,0,2,14.0,0,0.0,Dropout
143.5,1,1,19,0,6,12.833333333333334,0,0.0,Dropout
128.3,1,1,18,0,7,13.428571428571429,8,14.75,Graduate
111.9,1,0,19,0,0,0.0,0,0.0,Dropout
140.0,1,0,19,0,3,11.666666666666666,4,11.5,Enrolled
137.6,1,0,18,0,6,16.0,6,14.333333333333334,Graduate
135.0,1,0,20,0,6,13.833333333333334,6,11.833333333333334,Graduate
133.8,1,0,19,0,8,13.2325,8,13.2325,Graduate
126.9,1,1,18,1,6,14.0,6,14.166666666666666,Graduate
106.7,1,1,19,1,2,10.0,0,0.0,Dropout
145.7,1,0,25,0,15,13.333333333333334,11,12.272727272727272,Graduate
153.1,1,1,20,0,6,12.5,6,14.333333333333334,Enrolled
118.7,1,0,19,0,6,12.5,6,11.5,Graduate
161.8,1,0,33,1,2,10.5,0,0.0,Dropout
124.9,1,0,18,1,3,10.666666666666666,3,11.333333333333334,Enrolled
150.8,1,0,18,1,4,10.5,2,10.5,Enrolled
130.0,1,0,19,0,4,12.0,5,11.4,Graduate
163.6,1,0,18,0,0,0.0,0,0.0,Enrolled
115.0,1,0,19,0,5,11.5,2,10.666666666666666,Enrolled
136.8,1,0,18,0,6,14.0,6,13.5,Dropout
130.9,1,0,18,0,6,13.5,5,12.6,Graduate
127.0,1,0,18,0,8,13.07375,8,13.07375,Graduate
120.0,1,0,37,0,2,10.75,0,0.0,Dropout
126.0,1,0,20,0,1,12.0,0,0.0,Enrolled
153.8,1,1,20,0,6,14.0,6,13.333333333333334,Graduate
140.0,1,0,21,1,6,12.333333333333334,6,13.428571428571429,Graduate
136.6,1,1,18,0,7,13.464285714285714,8,14.788888888888888,Graduate
105.0,1,0,26,0,3,10.666666666666666,5,11.2,Enrolled
139.4,1,0,41,0,5,11.6,5,12.2,Enrolled
140.0,1,1,18,0,6,13.666666666666666,6,14.666666666666666,Graduate
130.8,1,0,18,0,8,14.4025,8,14.4025,Graduate
138.8,1,0,31,0,7,15.46875,8,16.3875,Graduate
110.0,1,0,23,0,6,12.625,6,14.166666666666666,Graduate
127.8,1,0,19,0,6,14.983333333333334,6,14.983333333333334,Graduate
134.2,1,1,20,0,6,15.0,6,13.0,Graduate
143.0,1,0,40,0,9,15.88888888888889,7,14.142857142857142,Graduate
120.0,1,0,32,0,4,11.5,3,11.0,Dropout
113.2,1,0,24,0,2,10.5,1,10.0,Dropout
135.8,1,0,18,0,6,13.983333333333334,6,13.983333333333334,Graduate
143.5,1,0,18,0,6,13.0,6,12.833333333333334,Graduate
148.9,1,1,18,0,6,13.666666666666666,6,13.0,Graduate
115.6,0,0,27,0,0,0.0,0,0.0,Dropout
159.3,1,0,18,0,5,14.4,5,15.4,Graduate
138.5,1,0,26,0,4,12.0,4,11.25,Enrolled
133.2,1,0,19,0,6,14.166666666666666,6,13.666666666666666,Graduate
117.6,1,0,19,0,5,12.2,6,12.0,Graduate
108.7,1,0,21,0,3,12.0,3,12.666666666666666,Enrolled
106.0,1,0,24,0,2,10.5,1,11.0,Enrolled
122.6,1,0,20,0,3,12.333333333333334,2,10.5,Dropout
127.4,1,0,18,0,5,12.2,5,12.2,Enrolled
100.0,1,0,30,0,0,0.0,0,0.0,Dropout
95.0,0,0,22,0,6,11.5,6,13.166666666666666,Enrolled
130.0,1,0,21,0,9,10.88888888888889,10,11.615384615384617,Graduate
122.8,1,0,26,0,6,12.166666666666666,8,11.675,Dropout
115.0,1,0,23,0,2,10.0,1,12.0,Enrolled
145.9,1,1,18,0,6,12.666666666666666,6,12.166666666666666,Graduate
143.0,1,0,21,0,5,11.4,5,12.2,Dropout
100.0,1,1,18,0,0,0.0,0,0.0,Dropout
121.3,1,0,21,0,2,13.0,4,12.0,Enrolled
121.2,1,0,18,0,5,13.4,5,12.0,Enrolled
125.1,1,1,19,0,6,13.5,5,12.8,Dropout
112.9,1,0,22,0,4,12.25,3,11.333333333333334,Enrolled
120.8,1,0,19,0,6,12.285714285714286,6,12.833333333333334,Graduate
114.0,0,0,19,0,0,0.0,0,0.0,Dropout
132.1,1,0,19,0,2,10.5,1,13.0,Dropout
160.0,1,0,27,0,3,14.0,5,12.0,Graduate
134.0,1,0,22,0,5,14.2,5,12.2,Graduate
124.2,1,0,18,0,5,13.0,6,13.142857142857142,Dropout
115.6,1,0,20,0,6,11.0,4,12.75,Graduate
128.2,1,0,34,0,3,11.0,2,10.0,Dropout
132.8,1,0,18,0,6,12.385714285714286,8,13.755555555555556,Graduate
123.1,1,0,20,1,4,14.75,4,12.25,Graduate
125.6,1,0,20,0,5,16.166666666666668,5,15.833333333333334,Graduate
115.0,1,0,25,1,0,0.0,0,0.0,Dropout
123.6,1,0,18,1,5,12.4,3,13.0,Dropout
141.7,0,0,18,1,5,11.6,4,13.0,Dropout
139.0,1,1,18,0,5,12.2,0,0.0,Dropout
118.0,1,1,19,0,5,11.0,5,12.8,Graduate
142.0,1,1,19,0,6,12.333333333333334,5,12.4,Dropout
143.4,1,1,21,0,6,14.833333333333334,6,12.571428571428571,Graduate
115.9,1,0,29,0,9,11.555555555555555,10,11.9,Enrolled
105.1,1,1,20,0,6,12.0,6,11.833333333333334,Graduate
138.0,1,1,21,0,11,12.727272727272728,10,12.6,Graduate
114.7,1,0,34,0,2,10.5,1,11.0,Dropout
130.5,1,0,20,0,6,12.333333333333334,6,12.0,Graduate
134.3,1,0,24,1,0,0.0,1,12.0,Dropout
137.5,1,0,18,1,7,14.842857142857143,8,14.38888888888889,Graduate
125.3,1,0,19,1,7,12.2,7,12.2,Enrolled
111.3,1,1,18,1,4,10.8,4,11.75,Enrolled
144.8,1,0,28,1,4,12.75,5,14.333333333333334,Enrolled
152.1,1,0,28,1,2,11.0,1,12.0,Dropout
126.1,1,0,20,1,4,10.75,0,0.0,Dropout
136.0,1,0,22,1,8,12.55375,8,12.55375,Graduate
124.3,1,0,19,1,7,12.665714285714284,7,12.665714285714284,Graduate
129.9,1,0,20,1,6,12.714285714285714,4,13.0,Enrolled
136.1,1,0,26,1,2,11.75,0,0.0,Dropout
115.1,0,0,21,1,3,11.0,0,0.0,Dropout
143.6,1,0,18,1,0,0.0,0,0.0,Graduate
115.8,1,0,18,1,5,13.4,5,12.2,Graduate
149.0,1,0,22,1,17,12.578947368421051,17,12.117647058823527,Graduate
100.0,1,0,36,1,0,0.0,0,0.0,Dropout
133.4,1,1,20,1,6,12.0,6,11.5,Graduate
122.8,1,0,20,1,3,12.333333333333334,0,0.0,Dropout
151.2,1,0,25,1,4,11.5,3,13.5,Dropout
137.0,1,0,35,1,5,12.8,5,13.833333333333334,Graduate
118.0,1,0,22,1,0,0.0,0,0.0,Dropout
126.4,1,0,26,1,7,13.285714285714286,7,12.142857142857142,Enrolled
130.0,0,0,20,1,4,11.8,2,12.0,Dropout
112.5,1,0,50,1,6,11.333333333333334,2,13.5,Dropout
118.3,1,0,20,1,5,12.002,5,12.002,Dropout
121.4,1,0,20,1,5,13.976666666666668,8,13.22222222222222,Enrolled
140.0,0,0,35,1,5,15.2,1,11.0,Dropout
109.0,1,1,19,1,6,13.142857142857142,6,14.166666666666666,Graduate
110.0,1,0,43,1,0,0.0,0,0.0,Dropout
119.8,1,0,19,1,7,13.867142857142856,7,13.867142857142856,Graduate
130.0,1,0,25,1,6,12.675,6,12.675,Graduate
167.3,1,0,19,1,0,0.0,0,0.0,Graduate
111.9,1,1,20,1,6,12.0,6,12.5,Enrolled
136.0,1,0,22,1,0,0.0,0,0.0,Dropout
124.0,1,1,19,1,6,11.0,5,12.2,Dropout
132.9,1,0,32,1,4,10.75,4,11.333333333333334,Dropout
154.0,1,0,57,1,5,14.2,6,14.166666666666666,Graduate
115.0,0,0,20,1,4,12.6,4,11.575,Dropout
96.0,0,0,38,1,0,0.0,0,0.0,Dropout
168.2,1,0,45,1,5,14.0,5,14.166666666666666,Graduate
140.0,0,0,43,1,2,10.0,4,12.25,Dropout
137.4,1,0,19,1,6,13.833333333333334,6,13.125,Graduate
150.0,0,0,49,1,2,11.0,1,11.0,Dropout
100.5,1,0,43,1,7,11.635714285714286,7,11.635714285714286,Enrolled
148.5,1,0,34,1,4,12.25,0,0.0,Dropout
123.3,1,0,18,1,4,12.5,5,11.285714285714286,Enrolled
138.7,1,0,43,1,5,13.8,5,13.666666666666666,Graduate
117.2,1,0,21,1,3,12.0,1,11.0,Dropout
114.3,1,0,40,1,3,11.0,4,12.5,Enrolled
125.3,1,1,19,1,4,13.75,6,11.555555555555555,Graduate
97.0,1,0,27,1,6,10.666666666666666,4,11.25,Enrolled
140.0,1,0,43,1,0,0.0,2,13.15,Dropout
124.0,1,0,31,1,5,13.833333333333334,5,15.4,Graduate
140.0,1,0,26,1,0,0.0,0,0.0,Enrolled
127.0,1,0,34,1,5,15.8,5,16.8,Graduate
110.0,1,0,30,1,12,12.52608695652174,12,12.52608695652174,Graduate
170.0,1,0,36,1,6,12.783333333333331,0,0.0,Dropout
120.0,0,0,46,1,0,0.0,1,10.0,Dropout
130.0,1,0,22,1,3,13.0,3,10.666666666666666,Graduate
130.0,1,0,27,1,0,0.0,0,0.0,Dropout
122.5,1,0,20,1,5,10.8,3,12.0,Enrolled
115.7,1,0,20,1,5,11.0,3,10.0,Enrolled
120.0,0,0,31,1,0,0.0,0,0.0,Dropout
166.0,1,0,20,1,0,0.0,0,0.0,Enrolled
132.8,0,0,21,1,2,12.0,0,0.0,Dropout
100.0,1,0,21,1,4,10.75,2,11.0,Dropout
121.8,1,0,19,1,5,11.6,4,13.5,Graduate
109.5,1,1,20,1,5,11.8,4,11.6,Graduate
138.3,1,0,18,1,6,16.0,6,15.166666666666666,Graduate
131.6,1,1,18,1,6,12.666666666666666,6,11.5,Graduate
125.3,1,0,30,1,4,14.4,6,13.5,Enrolled
101.5,0,0,34,1,0,0.0,0,0.0,Dropout
109.1,0,0,21,1,4,12.25,4,13.4,Enrolled
123.9,1,0,20,1,5,12.6,8,12.75,Dropout
143.0,1,0,18,1,7,13.4,7,13.4,Graduate
126.3,1,0,21,1,0,0.0,0,0.0,Dropout
113.3,1,0,26,1,1,10.0,0,0.0,Dropout
119.9,1,0,20,1,0,0.0,0,0.0,Dropout
140.0,1,0,25,1,3,11.25,4,11.2,Dropout
108.0,1,0,19,1,0,0.0,0,0.0,Enrolled
100.0,1,0,24,1,3,10.666666666666666,1,14.0,Dropout
132.4,1,0,20,1,4,11.75,5,13.4,Graduate
137.1,1,0,20,1,0,0.0,0,0.0,Dropout
138.1,1,0,18,0,6,12.666666666666666,6,14.125,Graduate
130.0,1,0,25,0,7,11.95,7,12.042857142857144,Enrolled
109.7,1,0,22,0,5,14.0,6,15.666666666666666,Graduate
128.2,0,0,41,0,0,0.0,0,0.0,Dropout
117.8,1,1,19,0,2,11.5,0,0.0,Dropout
150.0,1,0,21,0,6,12.0,5,12.8,Graduate
160.0,1,0,30,0,6,16.428571428571427,6,16.666666666666668,Dropout
104.5,1,1,21,0,5,13.336000000000002,7,13.207142857142856,Graduate
112.8,1,1,26,0,0,0.0,0,0.0,Enrolled
100.0,1,0,21,0,7,14.666666666666666,6,14.0,Graduate
132.5,1,0,18,0,7,14.115714285714288,7,14.115714285714288,Graduate
123.3,1,1,19,0,6,14.857142857142858,6,13.11111111111111,Graduate
128.9,1,1,18,0,6,13.833333333333334,6,13.714285714285714,Graduate
128.3,1,0,19,0,3,11.0,4,11.75,Enrolled
100.0,1,0,21,0,4,11.75,3,13.666666666666666,Enrolled
120.1,1,1,18,0,2,10.0,2,12.0,Dropout
160.0,1,1,24,0,6,12.415,6,12.415,Graduate
123.0,1,0,21,0,1,11.0,2,10.5,Enrolled
150.0,1,0,23,0,5,14.428571428571429,6,13.428571428571429,Graduate
124.0,1,1,18,0,7,14.312857142857142,7,14.312857142857142,Graduate
120.0,0,0,26,0,6,15.428571428571429,5,14.5,Enrolled
120.4,1,0,20,0,4,12.0,5,13.4,Graduate
131.6,1,0,18,0,6,13.833333333333334,6,13.714285714285714,Graduate
104.2,1,0,20,0,6,12.166666666666666,6,12.142857142857142,Graduate
122.0,1,0,20,0,7,14.014285714285714,7,14.014285714285714,Enrolled
110.7,1,0,18,0,2,10.333333333333334,3,13.333333333333334,Enrolled
121.7,1,1,22,0,5,13.2,5,13.6,Graduate
126.0,1,0,20,0,6,15.4,6,15.4,Graduate
128.4,1,1,19,0,7,13.385714285714286,8,15.925,Graduate
134.9,1,0,18,0,6,10.857142857142858,4,11.0,Dropout
143.9,1,0,18,0,5,11.333333333333334,5,12.0,Graduate
145.0,1,1,19,0,4,14.5,5,13.6,Graduate
132.0,1,1,19,0,6,14.166666666666666,6,12.375,Graduate
136.1,1,0,24,0,6,12.833333333333334,6,12.0,Graduate
138.9,1,0,21,0,6,13.333333333333334,6,14.5,Graduate
102.0,1,1,20,0,6,13.666666666666666,6,14.571428571428571,Graduate
123.0,0,1,28,0,6,10.833333333333334,5,11.0,Dropout
137.5,1,0,21,0,6,13.428571428571429,6,13.142857142857142,Graduate
102.2,1,0,20,1,7,12.401428571428571,6,11.808333333333332,Enrolled
105.3,0,0,36,1,0,0.0,0,0.0,Dropout
130.0,0,0,42,1,0,0.0,0,0.0,Dropout
122.5,1,0,47,1,4,11.5,5,11.6,Dropout
112.0,0,0,25,1,0,0.0,0,0.0,Dropout
110.0,1,1,25,1,6,14.142857142857142,6,13.5,Graduate
149.5,1,0,48,1,0,0.0,0,0.0,Dropout
141.0,1,1,32,1,10,13.8,10,12.8,Graduate
130.0,1,0,38,1,10,13.6,5,13.6,Dropout
130.0,1,0,37,1,15,11.733333333333333,9,11.88888888888889,Graduate
104.0,0,0,26,1,1,10.0,1,10.0,Dropout
110.0,1,0,23,1,0,0.0,0,0.0,Dropout
120.0,1,0,23,1,0,0.0,0,0.0,Enrolled
130.0,1,0,20,1,4,10.8,4,12.0,Enrolled
127.0,1,0,26,1,6,13.046666666666669,7,13.30625,Dropout
100.0,1,0,45,0,8,11.0,6,10.833333333333334,Enrolled
111.0,1,1,26,0,3,12.333333333333334,3,11.666666666666666,Enrolled
130.0,1,0,26,0,10,11.8,7,13.285714285714286,Graduate
130.1,1,0,25,0,3,11.0,3,11.25,Enrolled
127.5,1,0,18,0,8,13.11,8,13.11,Graduate
130.0,1,0,27,0,7,14.414285714285716,7,14.414285714285716,Graduate
115.0,0,0,24,0,0,0.0,0,0.0,Dropout
126.8,1,0,20,0,5,12.333333333333334,5,12.2,Graduate
116.7,1,1,18,0,0,0.0,1,10.0,Dropout
128.5,1,1,18,0,7,14.1,8,13.3125,Graduate
127.5,1,0,18,0,8,13.045,8,13.045,Graduate
117.5,1,0,19,1,5,12.858,5,12.858,Enrolled
148.8,1,1,19,0,8,14.2525,8,14.2525,Graduate
120.2,1,1,19,0,5,14.06,7,11.242857142857142,Enrolled
127.3,1,0,18,0,7,15.075714285714286,7,15.075714285714286,Graduate
136.1,1,1,18,0,0,0.0,0,0.0,Enrolled
122.4,1,0,19,0,4,13.75,5,12.6,Enrolled
130.0,1,0,23,0,17,13.15,12,13.214285714285714,Graduate
121.7,1,1,21,0,5,12.333333333333334,5,11.8,Graduate
122.7,1,1,18,0,7,13.778571428571428,8,13.122222222222222,Graduate
129.2,0,0,20,0,3,10.333333333333334,1,11.0,Dropout
105.0,1,0,23,0,3,11.333333333333334,2,11.0,Enrolled
129.9,1,0,20,0,5,13.2,6,12.666666666666666,Enrolled
136.3,1,1,18,0,6,13.571428571428571,6,12.375,Graduate
114.9,1,0,29,0,11,12.75,7,13.428571428571429,Graduate
102.0,1,0,28,1,3,13.0,1,12.0,Dropout
111.3,1,0,19,1,3,11.333333333333334,4,11.0,Enrolled
130.9,0,0,24,1,0,0.0,0,0.0,Dropout
100.0,1,1,33,1,0,0.0,0,0.0,Dropout
112.9,0,0,19,1,2,12.5,1,11.0,Dropout
112.7,1,0,19,1,6,14.857142857142858,6,14.142857142857142,Graduate
143.0,1,0,37,1,8,12.0,7,11.571428571428571,Graduate
155.1,0,1,18,1,0,0.0,0,0.0,Graduate
127.6,1,0,29,1,0,0.0,0,0.0,Enrolled
146.6,1,0,37,1,7,12.828571428571427,8,12.6875,Graduate
141.0,1,0,36,1,0,0.0,0,0.0,Dropout
120.6,1,0,19,1,6,13.333333333333334,5,14.0,Graduate
110.0,1,1,33,1,14,13.072857142857144,14,13.072857142857144,Graduate
108.6,0,0,34,1,5,12.0,3,11.0,Dropout
134.9,1,0,18,0,6,15.5,6,16.0,Graduate
120.0,1,0,20,0,0,0.0,0,0.0,Dropout
141.3,1,1,19,0,6,14.714285714285714,6,15.166666666666666,Graduate
135.6,1,0,20,0,6,16.714285714285715,6,15.333333333333334,Graduate
121.5,1,1,19,0,6,10.857142857142858,6,11.666666666666666,Graduate
125.0,1,0,19,0,6,11.658333333333331,6,12.416666666666666,Graduate
119.1,1,1,22,0,5,11.6,6,12.0,Graduate
126.6,1,0,18,0,6,14.625,6,14.142857142857142,Enrolled
116.7,1,1,18,0,6,12.166666666666666,6,12.666666666666666,Graduate
120.1,1,0,19,0,4,13.375,6,12.116666666666667,Enrolled
124.9,1,1,19,0,6,12.5,6,12.833333333333334,Graduate
114.0,0,0,31,0,5,12.56,5,12.56,Dropout
131.1,1,0,18,0,7,13.19,8,14.23125,Graduate
129.3,1,1,19,0,3,11.0,4,11.25,Graduate
129.7,1,0,18,0,0,0.0,0,0.0,Graduate
120.8,1,1,19,0,5,11.6,6,11.714285714285714,Graduate
135.0,1,0,19,0,6,14.266666666666666,6,14.266666666666666,Graduate
117.8,1,1,19,0,4,11.0,4,13.857142857142858,Enrolled
130.0,1,0,30,0,9,12.666666666666666,7,12.428571428571429,Graduate
117.6,1,0,18,0,0,0.0,3,11.0,Enrolled
130.8,1,0,18,0,7,12.771428571428572,7,12.771428571428572,Graduate
111.9,1,0,21,0,0,0.0,0,0.0,Dropout
145.9,1,1,19,0,6,15.5,6,13.571428571428571,Graduate
109.1,1,1,19,0,6,13.285714285714286,5,14.6,Enrolled
120.3,1,0,19,0,5,11.716666666666669,5,13.7,Enrolled
113.5,1,0,19,0,6,11.333333333333334,4,13.75,Dropout
135.4,1,1,19,0,6,13.333333333333334,5,13.4,Graduate
130.2,1,1,39,0,4,12.333333333333334,2,10.0,Graduate
136.4,1,0,18,0,6,12.333333333333334,6,12.833333333333334,Enrolled
126.9,1,0,20,0,0,0.0,0,0.0,Dropout
119.8,1,0,19,0,5,12.6,4,11.6,Graduate
124.4,1,0,18,0,5,12.6,4,11.0,Enrolled
120.0,0,0,34,0,6,14.333333333333334,6,12.833333333333334,Enrolled
111.8,1,0,22,0,3,12.0,2,11.0,Enrolled
130.0,1,0,24,0,6,14.857142857142858,5,13.6,Graduate
138.0,1,0,34,0,12,11.916666666666666,11,13.181818181818182,Graduate
114.6,1,0,46,0,0,0.0,0,0.0,Dropout
108.0,1,0,50,0,3,13.333333333333334,5,12.2,Enrolled
140.0,0,0,37,0,0,0.0,0,0.0,Dropout
134.7,1,0,18,0,6,17.0,6,15.5,Graduate
110.0,1,1,25,0,3,11.666666666666666,2,11.333333333333334,Enrolled
104.8,1,0,46,0,19,12.210526315789474,13,11.384615384615383,Graduate
126.5,1,1,30,0,6,13.0,5,12.857142857142858,Graduate
118.1,0,0,37,0,0,0.0,0,0.0,Dropout
119.9,1,0,50,0,2,10.5,3,11.0,Enrolled
160.0,1,0,20,0,6,13.571428571428571,6,12.714285714285714,Graduate
100.5,1,0,39,0,1,14.0,0,0.0,Dropout
110.0,0,0,53,0,0,0.0,0,0.0,Dropout
100.0,1,0,54,0,13,12.461538461538462,10,11.1,Dropout
140.0,1,0,19,0,4,14.4,5,13.0,Graduate
109.0,0,0,20,0,0,0.0,0,0.0,Dropout
120.9,1,0,18,0,6,14.333333333333334,6,14.166666666666666,Graduate
125.8,1,0,21,0,11,11.909090909090908,11,10.727272727272728,Graduate
161.2,1,0,18,0,6,13.714285714285714,6,14.375,Graduate
122.0,1,0,19,0,0,0.0,0,0.0,Dropout
127.9,1,1,18,0,5,13.46,7,12.2375,Dropout
135.8,1,0,19,0,6,15.0,6,13.333333333333334,Graduate
149.7,1,1,18,0,0,0.0,0,0.0,Dropout
137.3,1,0,19,0,5,13.4,5,12.8,Graduate
106.0,1,0,48,0,5,13.0,4,12.5,Enrolled
110.0,1,0,34,0,4,11.25,4,13.75,Graduate
146.4,1,0,18,0,5,12.6,5,11.6,Graduate
121.0,1,0,50,0,6,12.666666666666666,6,11.833333333333334,Graduate
125.2,1,0,41,0,21,12.333333333333334,19,12.105263157894736,Graduate
119.6,1,1,22,0,5,12.0,5,11.0,Dropout
142.8,1,0,43,0,5,16.4,5,16.6,Graduate
123.5,1,0,50,0,0,0.0,0,0.0,Dropout
100.0,1,0,60,0,6,12.75,4,14.75,Graduate
140.0,1,0,41,0,4,14.5,5,13.0,Enrolled
150.3,1,0,47,0,5,14.8,5,14.4,Graduate
128.2,1,0,22,0,17,10.36842105263158,17,11.5,Graduate
114.3,1,0,41,0,0,0.0,0,0.0,Dropout
117.3,1,0,28,0,6,10.666666666666666,9,11.333333333333334,Enrolled
120.0,1,0,32,0,13,12.692307692307692,13,12.384615384615383,Graduate
110.7,1,0,50,0,0,0.0,0,0.0,Dropout
118.0,1,0,53,0,15,11.8,12,11.666666666666666,Enrolled
169.2,0,0,54,0,0,0.0,0,0.0,Dropout
106.8,1,0,49,0,5,12.333333333333334,4,11.5,Enrolled
100.0,1,0,34,0,11,13.0,8,11.875,Dropout
144.5,1,0,45,0,4,12.5,3,11.666666666666666,Dropout
134.5,1,1,47,0,5,12.2,4,11.25,Graduate
114.3,1,0,22,0,8,11.0,5,11.2,Enrolled
113.4,1,0,33,0,1,10.0,2,12.0,Dropout
128.0,1,1,43,0,6,12.333333333333334,6,11.5,Graduate
120.0,1,0,54,0,13,14.307692307692308,12,15.23076923076923,Graduate
147.5,1,0,39,0,11,14.454545454545457,8,13.5,Graduate
120.7,1,0,39,0,5,11.0,5,13.2,Graduate
153.7,1,1,18,0,6,13.142857142857142,6,12.833333333333334,Graduate
121.9,1,1,19,0,6,13.75,6,11.857142857142858,Graduate
119.4,1,1,18,0,6,14.0,5,13.8,Graduate
157.8,1,0,44,0,8,13.75,6,12.5,Graduate
154.0,1,0,27,0,0,0.0,0,0.0,Dropout
135.9,1,1,18,0,6,13.166666666666666,6,12.428571428571429,Graduate
130.0,1,0,45,0,9,12.444444444444445,6,12.0,Dropout
118.9,1,0,20,0,6,12.666666666666666,5,13.0,Graduate
152.4,1,0,40,0,6,11.333333333333334,6,10.5,Graduate
147.8,1,0,40,0,4,11.25,5,12.0,Enrolled
100.0,1,0,18,0,7,13.6125,8,14.575,Graduate
129.0,1,0,21,0,7,12.414285714285716,7,12.414285714285716,Graduate
148.9,1,0,20,0,0,0.0,0,0.0,Graduate
120.0,1,0,36,0,11,11.5,12,11.4375,Enrolled
170.0,1,0,27,0,0,0.0,0,0.0,Dropout
130.0,1,0,32,0,7,11.0,8,13.125,Graduate
119.2,1,1,18,0,6,14.0,6,13.5,Graduate
129.0,1,0,37,0,4,12.0,3,12.0,Dropout
132.5,1,0,19,0,6,12.5,6,12.5,Graduate
115.0,1,1,41,0,6,11.333333333333334,6,11.333333333333334,Graduate
128.0,1,1,18,0,6,14.066666666666668,6,14.066666666666668,Graduate
125.1,1,0,21,0,8,13.555555555555555,7,13.571428571428571,Graduate
140.0,0,0,23,0,5,11.6,4,12.25,Dropout
120.9,1,0,18,0,0,0.0,0,0.0,Dropout
135.3,1,0,18,0,8,13.27625,8,13.27625,Graduate
125.2,1,0,21,0,0,0.0,0,0.0,Dropout
135.7,1,0,19,0,6,14.375,6,14.75,Graduate
110.0,1,0,47,0,0,0.0,0,0.0,Dropout
119.0,1,1,48,0,6,10.666666666666666,5,11.8,Enrolled
110.0,1,0,39,0,12,13.416666666666666,10,14.5,Graduate
115.2,1,0,19,0,6,12.97166666666667,7,12.321428571428571,Graduate
112.9,1,0,38,0,14,10.928571428571429,12,11.833333333333334,Dropout
119.4,0,0,27,0,0,0.0,0,0.0,Dropout
152.9,1,1,18,0,0,0.0,0,0.0,Graduate
117.5,1,0,34,0,4,13.25,0,0.0,Enrolled
98.5,1,0,48,0,6,11.333333333333334,5,12.4,Dropout
108.0,1,0,25,0,1,11.0,0,0.0,Dropout
120.0,1,1,32,0,7,12.757142857142856,7,12.757142857142856,Graduate
150.2,1,1,18,0,6,14.5,6,14.666666666666666,Graduate
139.2,1,0,20,0,6,13.833333333333334,6,14.571428571428571,Graduate
130.0,1,0,20,0,4,11.25,5,10.4,Graduate
115.7,1,0,20,0,0,0.0,0,0.0,Dropout
127.0,1,0,19,0,1,13.67,1,13.67,Enrolled
118.1,1,0,39,0,0,0.0,2,12.5,Dropout
119.1,1,0,29,0,1,13.0,0,0.0,Dropout
111.9,1,0,36,0,0,0.0,0,0.0,Dropout
130.5,1,0,18,0,7,11.971428571428572,7,11.971428571428572,Graduate
135.0,1,0,51,0,0,0.0,0,0.0,Dropout
130.0,1,0,23,0,1,16.0,4,12.25,Dropout
150.0,1,0,21,0,0,0.0,0,0.0,Dropout
150.2,0,0,28,0,4,12.75,0,0.0,Dropout
127.1,1,0,34,0,4,11.0,4,10.75,Enrolled
107.5,1,0,41,0,0,0.0,0,0.0,Dropout
130.0,1,1,43,0,5,12.2,6,12.333333333333334,Graduate
152.8,1,0,28,0,7,12.428571428571429,8,12.3,Enrolled
160.1,1,1,19,0,12,14.5,11,13.583333333333334,Graduate
140.0,1,0,26,0,6,13.0,11,13.833333333333334,Graduate
110.7,1,0,18,0,7,11.714285714285714,8,12.75,Graduate
138.3,1,0,45,0,4,10.25,3,13.0,Dropout
150.0,1,0,19,0,0,0.0,0,0.0,Dropout
112.3,1,0,20,0,6,12.375,6,13.142857142857142,Graduate
122.0,1,0,18,0,6,12.666666666666666,6,12.0,Graduate
141.7,1,0,27,0,3,10.5,1,12.0,Dropout
118.4,1,0,20,0,6,14.125,5,12.6,Graduate
128.7,1,0,18,0,6,14.666666666666666,6,13.833333333333334,Graduate
100.0,1,0,35,0,5,11.4,3,12.333333333333334,Enrolled
100.8,1,0,26,0,0,0.0,0,0.0,Dropout
125.5,1,1,39,0,6,14.0,5,14.8,Graduate
124.0,1,0,18,0,0,0.0,0,0.0,Graduate
130.0,1,0,36,0,0,0.0,0,0.0,Dropout
160.5,1,0,38,0,11,12.636363636363637,8,11.0,Graduate
100.0,1,0,45,0,3,12.333333333333334,2,11.0,Dropout
103.0,1,0,62,0,6,15.0,6,12.833333333333334,Graduate
103.0,1,1,20,0,4,11.75,6,12.666666666666666,Graduate
131.5,1,0,18,0,7,14.13714285714286,7,14.13714285714286,Graduate
121.4,1,0,18,0,2,12.0,1,11.0,Dropout
137.3,1,0,23,0,5,10.8,4,11.5,Graduate
138.4,1,1,19,0,6,13.285714285714286,6,12.5,Dropout
131.1,1,1,19,0,5,13.6,5,12.6,Graduate
100.0,1,0,18,0,7,13.55,8,14.1875,Graduate
133.0,1,0,18,0,0,0.0,0,0.0,Enrolled
100.0,1,0,41,0,4,13.5,6,11.166666666666666,Graduate
159.0,1,1,51,0,5,11.6,5,14.2,Graduate
120.6,1,0,24,0,10,12.5,4,12.6,Graduate
134.0,1,0,25,0,1,11.0,2,12.666666666666666,Dropout
139.4,1,0,18,0,3,12.0,4,13.0,Enrolled
116.5,1,0,20,0,4,11.6,3,12.333333333333334,Graduate
113.9,1,0,19,0,0,0.0,0,0.0,Dropout
130.0,1,0,41,0,10,14.636363636363637,10,14.6,Graduate
129.9,1,1,19,0,6,13.0,6,12.166666666666666,Graduate
133.7,1,0,28,0,14,12.785714285714286,16,13.875,Dropout
124.8,1,0,21,0,6,14.5,5,12.0,Graduate
133.6,0,0,22,0,4,14.6,4,12.75,Dropout
133.5,0,0,18,0,6,12.5,6,12.166666666666666,Graduate
128.0,1,1,19,0,6,14.0,6,13.125,Graduate
127.2,1,1,19,0,7,13.801428571428572,8,14.575,Graduate
150.0,0,0,25,0,6,14.428571428571429,6,13.666666666666666,Graduate
127.8,1,1,18,0,6,14.35,6,14.35,Graduate
125.2,1,0,19,0,6,14.333333333333334,6,13.5,Graduate
110.0,1,0,20,0,4,12.25,4,11.5,Enrolled
100.0,1,0,46,0,6,13.333333333333334,6,11.833333333333334,Graduate
151.4,0,0,19,0,12,13.0,11,13.25,Graduate
125.1,1,0,18,0,4,11.75,5,11.2,Enrolled
163.3,1,1,18,0,6,14.5,4,13.0,Graduate
118.0,1,1,19,0,7,11.82,7,11.82,Graduate
140.2,1,0,20,0,0,0.0,0,0.0,Dropout
128.5,1,1,38,0,5,12.4,6,12.666666666666666,Graduate
131.5,1,0,18,0,6,12.571428571428571,6,11.857142857142858,Graduate
132.6,1,1,18,0,7,13.857142857142858,8,14.9,Graduate
122.1,1,0,18,0,5,11.833333333333334,5,13.8,Graduate
112.0,1,0,20,0,4,11.0,4,11.5,Enrolled
133.0,1,0,19,0,6,14.666666666666666,6,13.666666666666666,Graduate
127.0,0,0,37,0,0,0.0,0,0.0,Dropout
130.0,1,0,24,0,7,12.714285714285714,7,12.714285714285714,Enrolled
136.4,1,0,19,0,7,13.422222222222224,7,12.18888888888889,Graduate
129.0,1,1,19,0,6,14.0,5,12.2,Dropout
119.0,1,1,19,0,7,12.142857142857142,8,13.375,Dropout
128.0,1,1,18,0,5,12.8,5,13.0,Graduate
117.1,1,1,18,0,7,14.572857142857142,8,14.955555555555556,Graduate
136.3,1,0,18,0,4,11.25,4,11.0,Graduate
124.6,1,1,19,0,2,10.0,4,11.75,Enrolled
130.7,1,0,18,0,5,14.4,4,14.6,Dropout
115.2,1,0,20,0,7,12.982857142857142,8,14.4625,Graduate
130.2,1,0,20,0,6,15.75,6,13.0,Graduate
128.5,1,0,18,0,5,12.285714285714286,3,14.0,Dropout
95.0,1,0,20,0,6,13.755,7,13.571428571428571,Graduate
119.4,1,1,18,0,6,13.833333333333334,6,13.5,Graduate
123.5,1,0,19,0,0,0.0,0,0.0,Dropout
133.9,1,0,18,0,7,14.711111111111112,8,14.627777777777778,Graduate
145.2,1,0,20,0,11,14.615384615384617,9,13.7,Graduate
118.8,1,0,18,0,7,13.677142857142858,8,14.533333333333331,Graduate
123.4,1,1,19,0,5,13.166666666666666,5,12.8,Graduate
123.0,1,0,19,0,5,10.8,5,11.333333333333334,Graduate
118.4,1,0,19,0,3,12.0,5,12.833333333333334,Graduate
131.6,1,0,18,0,6,13.958333333333334,8,14.71875,Graduate
122.3,1,0,19,0,4,13.0,4,12.25,Dropout
151.7,1,1,24,0,0,0.0,0,0.0,Graduate
176.0,1,1,18,0,0,0.0,0,0.0,Graduate
133.0,1,1,18,0,7,14.0,7,14.0,Graduate
139.8,1,0,18,0,6,12.571428571428571,6,12.571428571428571,Enrolled
119.6,1,0,19,0,4,12.0,3,11.333333333333334,Dropout
134.0,1,1,35,0,8,13.625,7,14.0,Graduate
132.0,1,0,19,0,4,12.5,4,10.0,Graduate
130.0,1,0,28,0,14,12.428571428571429,11,11.909090909090908,Dropout
141.4,1,0,21,0,7,13.3875,8,15.9,Graduate
128.9,1,1,19,0,6,12.648333333333332,8,12.205555555555556,Graduate
118.1,1,0,19,0,6,14.0,6,13.333333333333334,Graduate
130.6,1,0,18,0,5,12.8,5,11.857142857142858,Graduate
122.0,1,0,18,0,6,11.333333333333334,6,10.833333333333334,Graduate
123.0,0,0,19,0,0,0.0,0,0.0,Dropout
126.7,1,1,20,0,6,14.166666666666666,6,13.0,Graduate
126.6,1,0,18,0,6,12.833333333333334,6,13.833333333333334,Graduate
125.4,0,0,19,0,4,12.0,6,11.833333333333334,Dropout
136.1,1,1,20,0,6,13.0,6,13.142857142857142,Dropout
128.8,1,0,18,0,6,13.39,7,12.757142857142856,Enrolled
111.1,0,0,18,0,6,12.333333333333334,5,13.6,Graduate
135.9,1,1,21,0,6,12.571428571428571,6,11.625,Graduate
119.6,1,1,19,0,6,12.333333333333334,6,12.833333333333334,Graduate
116.7,1,0,19,0,5,13.0,4,10.75,Graduate
126.0,1,0,19,0,3,12.333333333333334,4,10.25,Enrolled
134.2,1,0,18,0,6,13.166666666666666,5,14.2,Dropout
123.0,1,1,18,0,5,13.333333333333334,5,13.6,Graduate
123.9,1,0,18,0,4,13.0,5,13.142857142857142,Graduate
120.0,1,0,31,0,5,10.9,3,11.7,Dropout
112.3,1,0,19,0,2,11.5,3,10.857142857142858,Enrolled
123.0,1,1,20,0,6,15.857142857142858,6,16.0,Graduate
122.3,1,1,19,0,5,12.6,3,13.0,Dropout
122.8,1,1,19,0,6,14.0,6,14.571428571428571,Graduate
160.0,0,0,27,0,3,14.666666666666666,2,13.0,Dropout
120.1,1,1,18,0,6,13.666666666666666,6,14.0,Graduate
142.4,1,0,32,0,0,0.0,0,0.0,Dropout
127.3,1,0,18,0,7,12.628571428571428,7,12.628571428571428,Graduate
125.5,1,1,19,0,7,14.232857142857142,7,14.232857142857142,Graduate
137.4,1,0,19,0,6,15.0,6,14.0,Enrolled
122.0,1,0,18,0,2,10.0,0,0.0,Dropout
107.5,1,1,18,0,4,12.25,4,11.0,Dropout
104.0,0,1,24,0,6,13.5,6,13.0,Graduate
133.1,1,1,19,0,5,12.2,6,11.5,Graduate
113.3,1,0,21,0,0,0.0,0,0.0,Dropout
130.0,1,0,19,0,6,12.0,8,12.75,Graduate
124.3,1,0,19,0,5,12.32,5,11.9,Enrolled
105.0,1,1,36,0,6,12.35,5,12.5,Graduate
144.0,1,0,51,1,0,0.0,0,0.0,Dropout
111.9,1,1,20,1,6,11.333333333333334,4,10.571428571428571,Enrolled
107.5,0,0,29,1,0,0.0,0,0.0,Dropout
127.4,0,0,27,1,5,11.6,5,12.0,Dropout
149.0,1,0,33,1,4,12.0,3,13.666666666666666,Enrolled
120.0,0,0,57,1,12,11.75,9,12.22222222222222,Dropout
143.6,1,0,20,1,5,12.8,5,11.6,Enrolled
120.0,1,0,26,1,3,11.333333333333334,3,13.666666666666666,Dropout
128.0,0,0,27,1,0,0.0,0,0.0,Enrolled
118.2,1,0,19,1,5,10.8,4,12.25,Graduate
160.0,1,0,23,1,5,12.5,2,13.5,Dropout
152.4,1,0,27,1,5,15.2,5,14.166666666666666,Graduate
116.6,1,1,20,1,7,13.314285714285717,8,12.575,Graduate
141.6,1,1,19,0,11,13.090909090909092,11,12.083333333333334,Graduate
105.5,0,0,19,0,0,0.0,0,0.0,Dropout
116.3,1,0,20,0,5,12.2,6,11.5,Graduate
110.0,1,0,33,0,6,12.833333333333334,4,12.0,Enrolled
119.5,1,0,22,0,15,11.2,14,12.428571428571429,Graduate
125.0,1,0,18,0,3,12.333333333333334,4,12.0,Graduate
160.0,1,0,27,0,7,15.94285714285714,7,15.94285714285714,Graduate
150.0,1,0,27,0,0,0.0,0,0.0,Dropout
115.0,1,0,19,0,4,10.25,6,10.714285714285714,Graduate
128.4,1,1,20,0,5,13.2,5,12.833333333333334,Enrolled
112.8,1,1,23,0,6,14.166666666666666,6,12.5,Graduate
131.0,1,1,22,0,20,14.575,20,14.575,Graduate
121.6,1,1,18,0,1,10.0,0,0.0,Dropout
110.0,1,1,18,0,6,12.285714285714286,6,11.428571428571429,Graduate
148.5,1,1,31,0,6,14.0,6,12.333333333333334,Graduate
118.3,1,0,19,0,4,11.25,0,0.0,Dropout
135.9,1,0,19,0,5,11.6,6,11.666666666666666,Enrolled
115.8,1,0,24,0,1,12.0,0,0.0,Dropout
121.2,1,0,19,0,7,13.47,8,13.32625,Graduate
136.2,1,0,19,0,5,12.4,5,12.8,Graduate
100.2,0,0,26,0,3,11.75,4,11.5,Dropout
152.7,0,0,27,1,0,0.0,0,0.0,Dropout
123.1,1,0,19,0,6,12.0,6,12.428571428571429,Graduate
130.0,1,0,29,0,5,15.333333333333334,5,15.4,Dropout
125.0,1,1,18,0,8,12.32,8,12.32,Graduate
113.1,1,0,19,0,7,13.79857142857143,8,14.75625,Graduate
121.1,1,0,18,0,6,13.166666666666666,6,12.5,Enrolled
162.3,1,1,18,0,5,16.333333333333332,5,15.4,Graduate
132.0,1,0,19,0,0,0.0,0,0.0,Dropout
130.7,1,0,19,0,7,14.757142857142856,8,15.366666666666667,Graduate
122.3,1,0,19,0,6,11.666666666666666,6,12.333333333333334,Dropout
144.1,1,0,19,0,5,12.6,5,12.375,Enrolled
118.2,1,0,19,0,6,11.666666666666666,6,11.5,Graduate
133.5,1,1,19,0,6,15.0,6,13.333333333333334,Graduate
126.8,0,0,18,0,0,0.0,0,0.0,Dropout
121.0,1,0,20,0,6,13.571428571428571,6,13.333333333333334,Graduate
117.7,1,0,20,0,5,10.8,4,11.5,Graduate
115.0,1,0,21,0,3,11.333333333333334,3,13.333333333333334,Enrolled
129.2,1,0,31,0,5,11.4,6,12.833333333333334,Dropout
125.8,1,1,20,0,7,10.642857142857142,8,11.55,Graduate
118.4,1,1,19,0,3,10.5,4,11.75,Enrolled
142.0,1,0,18,0,6,14.65,6,14.65,Graduate
126.7,1,1,19,0,7,13.714285714285714,8,14.863636363636363,Graduate
109.3,1,0,30,0,15,12.266666666666667,13,12.071428571428571,Graduate
116.9,1,0,21,0,6,10.375,3,11.666666666666666,Enrolled
121.7,1,0,19,0,5,11.0,5,15.4,Graduate
117.1,1,0,22,0,5,13.8,5,13.0,Graduate
114.4,1,1,18,0,6,12.666666666666666,6,12.833333333333334,Graduate
133.0,1,0,18,0,6,11.75,5,12.0,Graduate
118.8,1,1,19,0,7,12.785714285714286,7,12.785714285714286,Graduate
151.0,1,0,18,0,6,14.444444444444445,6,13.333333333333334,Graduate
119.6,1,0,21,0,6,13.25,8,13.8375,Enrolled
135.4,1,0,18,0,7,12.50625,5,13.2,Enrolled
149.9,1,0,20,0,0,0.0,0,0.0,Graduate
120.1,1,0,18,0,4,12.75,4,11.75,Graduate
173.3,1,0,25,0,6,16.857142857142858,6,16.5,Graduate
126.2,1,0,19,0,6,13.166666666666666,6,15.0,Graduate
126.9,1,1,19,0,5,12.2,4,11.5,Enrolled
157.4,1,0,26,0,6,16.5,6,14.285714285714286,Graduate
120.2,1,0,21,0,4,11.75,5,11.6,Graduate
124.8,1,0,19,0,1,11.0,0,0.0,Dropout
130.3,1,1,19,0,7,15.114285714285714,7,15.114285714285714,Graduate
152.4,1,1,18,0,6,15.5,6,14.285714285714286,Graduate
113.5,1,1,32,0,7,11.142857142857142,8,12.0,Graduate
125.7,1,1,18,0,6,11.333333333333334,6,11.333333333333334,Graduate
102.4,1,0,20,0,5,12.04,6,11.77142857142857,Enrolled
125.7,1,0,20,0,5,11.166666666666666,4,10.75,Enrolled
120.0,1,1,39,0,5,10.6,4,10.75,Graduate
109.3,1,0,20,0,4,12.5,2,13.0,Enrolled
162.2,0,0,18,0,0,0.0,0,0.0,Dropout
155.7,1,1,18,0,6,15.666666666666666,6,13.833333333333334,Graduate
147.7,1,0,21,0,12,15.333333333333334,11,15.0,Graduate
115.6,1,0,18,0,6,12.183333333333332,6,11.783333333333331,Enrolled
117.8,1,0,18,0,2,10.0,3,11.333333333333334,Enrolled
125.0,1,0,21,0,9,12.0,8,11.25,Graduate
129.8,1,0,22,0,3,10.333333333333334,2,10.0,Dropout
123.1,1,0,21,1,6,11.166666666666666,3,14.666666666666666,Enrolled
122.8,1,1,20,1,3,11.0,2,11.333333333333334,Enrolled
117.3,1,1,21,1,0,0.0,0,0.0,Graduate
126.5,1,1,20,0,6,12.857142857142858,5,11.8,Graduate
123.0,1,0,19,0,7,14.328571428571427,7,14.328571428571427,Graduate
127.7,1,1,20,0,6,15.0,6,16.333333333333332,Graduate
117.5,1,0,19,0,5,13.6,5,12.4,Graduate
128.4,1,1,18,0,5,12.857142857142858,4,13.25,Graduate
124.1,1,0,18,0,2,14.5,1,10.0,Dropout
140.9,1,0,24,0,3,10.666666666666666,3,10.5,Dropout
126.2,0,1,21,0,6,13.428571428571429,6,11.333333333333334,Dropout
120.5,1,1,18,1,7,11.716666666666663,4,10.868,Graduate
121.1,1,1,20,1,4,12.0,5,12.8,Graduate
123.7,0,0,20,0,5,13.2,4,10.75,Dropout
116.9,1,0,18,0,5,12.2,4,12.25,Dropout
100.0,1,1,25,0,5,12.58,6,12.157142857142857,Graduate
120.2,1,1,19,0,5,11.333333333333334,6,10.833333333333334,Enrolled
153.8,1,0,35,1,0,0.0,0,0.0,Dropout
120.1,1,1,19,0,6,12.428571428571429,8,14.0,Graduate
128.1,1,1,18,1,6,13.0,6,13.0,Dropout
126.8,1,0,19,1,7,14.535714285714286,7,14.535714285714286,Graduate
125.7,1,1,19,1,5,11.2,5,11.2,Enrolled
146.2,1,0,18,1,6,16.0,6,13.666666666666666,Graduate
140.0,1,0,24,1,5,13.142857142857142,3,12.666666666666666,Dropout
134.5,1,0,25,1,11,11.6875,8,11.142857142857142,Graduate
137.0,1,0,28,1,4,10.5,4,11.0,Enrolled
107.5,1,1,19,1,6,13.833333333333334,5,13.666666666666666,Graduate
112.2,1,0,19,1,0,0.0,0,0.0,Dropout
128.2,0,1,30,1,0,0.0,0,0.0,Dropout
126.8,1,0,19,1,0,0.0,0,0.0,Dropout
132.1,1,0,21,1,1,10.0,0,0.0,Dropout
110.0,1,0,19,1,0,0.0,0,0.0,Dropout
100.0,0,0,29,1,0,0.0,0,0.0,Dropout
114.3,1,0,18,1,4,12.6,4,13.0,Dropout
116.4,1,0,21,1,3,11.25,3,11.0,Enrolled
116.9,1,0,20,1,7,12.375,4,11.25,Dropout
128.2,1,0,24,1,7,10.714285714285714,9,12.555555555555555,Enrolled
127.0,0,0,18,1,0,0.0,0,0.0,Dropout
140.0,1,0,23,1,5,12.0,5,12.142857142857142,Enrolled
120.0,1,0,19,1,5,12.6,3,12.666666666666666,Graduate
110.0,1,0,35,1,0,0.0,0,0.0,Dropout
127.0,1,0,20,1,7,12.84142857142857,7,12.84142857142857,Graduate
159.5,1,0,33,1,0,0.0,0,0.0,Dropout
135.2,1,0,18,1,6,14.166666666666666,6,12.833333333333334,Graduate
122.8,1,0,20,1,6,12.166666666666666,3,12.0,Enrolled
118.0,1,0,19,1,4,10.8,3,11.0,Dropout
123.6,1,0,18,1,6,13.0,0,0.0,Dropout
111.0,0,0,28,1,0,0.0,0,0.0,Dropout
144.6,1,0,18,1,5,13.0,5,13.333333333333334,Graduate
111.8,1,0,25,1,6,11.571428571428571,6,11.571428571428571,Dropout
122.1,0,0,19,1,4,11.5,5,11.0,Dropout
119.9,1,0,18,1,5,11.0,4,10.75,Graduate
130.0,1,0,29,1,6,17.11111111111111,6,15.571428571428571,Graduate
118.4,1,0,18,1,0,0.0,0,0.0,Enrolled
112.6,1,1,20,1,6,12.571428571428571,6,12.166666666666666,Graduate
150.0,1,0,20,1,0,0.0,0,0.0,Dropout
165.8,1,0,18,1,6,14.5,6,15.166666666666666,Graduate
101.7,1,1,21,1,6,13.5,6,12.333333333333334,Graduate
124.3,0,0,18,1,5,11.2,2,10.0,Dropout
122.1,1,0,20,1,3,10.666666666666666,4,12.25,Graduate
134.7,1,0,23,0,9,11.0,7,11.571428571428571,Enrolled
154.5,1,0,26,0,0,0.0,0,0.0,Dropout
128.8,1,0,19,0,1,10.0,0,0.0,Dropout
106.0,0,1,24,0,5,12.36,5,12.0,Dropout
146.2,1,1,20,0,6,15.25,6,14.714285714285714,Graduate
116.9,0,0,26,0,0,0.0,0,0.0,Dropout
118.2,1,0,31,0,1,13.0,4,12.25,Dropout
105.7,1,0,27,0,8,13.81375,8,13.81375,Graduate
126.9,1,0,24,0,6,13.285714285714286,6,12.875,Graduate
150.0,1,0,23,0,4,11.5,4,12.2,Enrolled
108.4,1,1,20,0,7,11.9625,8,13.044444444444444,Graduate
114.2,1,0,20,0,6,13.683333333333332,6,13.116666666666667,Graduate
140.0,1,0,24,0,7,14.985714285714286,7,14.985714285714286,Graduate
142.5,1,0,39,0,4,11.25,4,11.5,Enrolled
126.5,1,0,18,0,4,12.5,5,12.6,Graduate
111.3,1,0,20,0,0,0.0,0,0.0,Dropout
125.1,1,0,18,0,7,13.78,8,13.661,Graduate
126.3,1,0,19,0,7,13.805,8,14.2725,Graduate
142.2,1,0,18,0,5,13.8,5,12.6,Graduate
110.2,1,0,22,0,3,12.666666666666666,4,12.0,Enrolled
127.0,1,0,18,0,7,14.424285714285714,8,13.9375,Graduate
128.6,1,1,18,0,6,13.166666666666666,6,12.5,Graduate
130.4,1,0,30,0,3,10.666666666666666,5,10.4,Enrolled
134.4,1,0,34,0,14,12.071428571428571,11,12.272727272727272,Graduate
100.0,1,0,38,0,3,10.25,1,12.0,Dropout
133.0,1,1,19,0,8,14.11,8,14.11,Graduate
126.7,1,0,19,0,5,12.4,3,10.666666666666666,Dropout
129.0,0,0,21,0,6,12.0,6,12.0,Dropout
133.7,1,1,18,0,6,14.833333333333334,6,13.5,Graduate
122.2,1,1,20,0,6,15.428571428571429,6,13.5,Graduate
128.9,1,1,18,0,5,11.6,5,11.4,Graduate
154.4,1,0,18,0,6,14.166666666666666,6,14.0,Graduate
130.0,1,1,36,0,1,9.8,0,0.0,Dropout
113.0,1,1,18,0,4,10.714285714285714,4,11.0,Graduate
123.3,1,1,21,0,0,0.0,0,0.0,Dropout
130.0,1,1,21,0,3,12.333333333333334,1,13.0,Dropout
101.3,1,0,18,0,6,13.0,6,12.25,Graduate
113.7,1,0,18,0,4,11.4,4,11.25,Graduate
138.8,1,0,19,0,6,12.766666666666666,6,12.766666666666666,Graduate
140.0,1,0,29,0,5,12.6,6,12.666666666666666,Graduate
130.0,1,1,20,0,7,13.0,5,13.4,Graduate
132.5,1,0,18,0,6,14.316666666666668,6,14.316666666666668,Graduate
117.4,1,0,19,0,4,12.75,5,12.0,Graduate
109.8,1,1,19,0,5,13.4,5,12.6,Graduate
116.5,0,0,37,0,0,0.0,0,0.0,Dropout
165.2,1,1,18,0,4,15.75,5,13.8,Graduate
113.0,1,0,21,0,5,12.4,1,11.0,Dropout
123.3,1,1,19,0,6,11.5,6,12.333333333333334,Graduate
116.7,1,0,19,0,5,13.4,5,14.0,Graduate
110.0,1,1,35,0,3,11.666666666666666,5,11.8,Enrolled
118.9,1,0,30,0,0,0.0,0,0.0,Dropout
103.6,1,0,27,0,7,13.285714285714286,5,11.6,Dropout
122.7,1,1,45,0,4,11.5,2,10.5,Dropout
113.5,1,1,50,0,8,13.25,7,11.714285714285714,Graduate
128.2,1,0,41,0,11,12.25,10,13.4,Graduate
120.0,1,0,26,0,6,12.0,6,12.0,Enrolled
130.0,1,0,44,0,1,12.0,0,0.0,Dropout
110.0,1,0,23,0,13,10.923076923076923,7,11.142857142857142,Graduate
117.7,1,0,34,0,10,12.0,5,11.0,Dropout
99.6,1,1,21,0,5,13.714285714285714,5,14.4,Graduate
117.9,1,0,22,0,1,10.0,2,13.0,Dropout
113.0,1,1,32,0,2,10.333333333333334,6,11.5,Graduate
124.4,1,0,20,0,7,12.728571428571428,8,14.625,Graduate
140.0,0,0,59,0,12,13.333333333333334,8,12.875,Dropout
132.4,1,0,30,0,9,12.22222222222222,9,11.6,Enrolled
124.0,1,1,18,0,6,11.333333333333334,6,10.833333333333334,Graduate
132.0,1,0,25,1,4,11.0,4,12.0,Enrolled
149.8,1,0,36,1,5,13.8,5,13.8,Graduate
160.0,1,0,36,1,1,12.0,0,0.0,Dropout
114.6,0,0,19,1,4,11.25,3,10.166666666666666,Dropout
120.0,1,0,25,1,4,10.5,5,12.0,Graduate
100.0,1,0,35,1,18,11.555555555555555,13,11.615384615384617,Graduate
128.5,1,0,20,1,1,14.0,0,0.0,Dropout
113.0,0,0,35,1,1,13.0,0,0.0,Dropout
150.8,1,0,27,0,2,11.0,1,11.0,Dropout
130.8,1,0,18,0,7,13.68142857142857,7,13.68142857142857,Enrolled
114.5,1,0,23,0,6,12.1,6,12.616666666666667,Enrolled
114.8,1,0,19,0,4,10.5,4,11.25,Graduate
126.2,1,1,18,0,5,11.94,6,12.8,Enrolled
129.0,0,0,26,0,4,12.86,5,11.566666666666668,Dropout
110.5,1,0,19,0,6,14.25,6,14.0,Graduate
132.5,0,0,19,0,0,0.0,0,0.0,Dropout
130.7,1,0,18,0,0,0.0,0,0.0,Dropout
130.4,1,1,19,0,7,13.894285714285711,8,14.3625,Graduate
124.3,1,1,19,0,7,13.46875,8,13.31375,Graduate
132.6,1,1,19,0,5,13.6,5,14.6,Graduate
146.7,1,1,21,0,6,14.666666666666666,6,13.833333333333334,Graduate
130.1,1,0,18,0,6,13.666666666666666,6,13.0,Graduate
120.0,1,0,33,0,10,13.3,11,13.727272727272728,Graduate
121.3,1,0,32,0,11,13.454545454545457,7,12.428571428571429,Graduate
133.3,1,1,17,0,8,13.41625,8,13.41625,Graduate
110.5,1,0,31,0,0,0.0,0,0.0,Dropout
102.5,1,1,32,0,6,11.333333333333334,5,13.0,Graduate
150.9,1,0,18,0,6,16.0,6,14.625,Dropout
106.6,1,0,31,0,5,11.0,6,10.166666666666666,Enrolled
118.3,1,0,20,1,6,12.857142857142858,5,12.4,Enrolled
117.9,0,0,40,1,0,0.0,0,0.0,Dropout
135.0,1,0,32,1,5,14.8,5,14.2,Graduate
120.0,0,0,40,1,1,13.0,2,14.0,Dropout
167.1,1,1,18,1,0,0.0,0,0.0,Graduate
115.8,0,0,28,1,4,10.0,1,10.0,Dropout
141.2,1,0,19,1,5,11.2,6,12.0,Graduate
118.4,1,1,19,1,6,11.833333333333334,3,13.0,Graduate
134.3,1,0,21,1,0,0.0,0,0.0,Dropout
128.7,1,0,22,1,2,10.5,0,0.0,Dropout
116.1,0,0,18,1,5,12.5,5,13.571428571428571,Dropout
100.0,1,0,27,1,0,0.0,0,0.0,Dropout
118.8,1,0,19,1,5,11.0,2,10.0,Enrolled
130.0,1,0,30,1,9,12.333333333333334,8,12.0,Graduate
150.0,1,0,28,1,0,0.0,1,10.0,Dropout
116.0,1,1,34,1,1,17.0,2,11.0,Enrolled
99.0,1,0,21,1,5,11.0,3,11.428571428571429,Enrolled
132.0,1,1,20,1,5,11.142857142857142,6,11.571428571428571,Graduate
125.0,0,0,31,1,5,12.166666666666666,5,12.0,Dropout
116.2,0,0,21,1,2,11.0,2,11.5,Dropout
100.0,0,0,27,1,1,11.0,3,10.666666666666666,Dropout
132.9,1,0,19,1,4,13.25,5,11.8,Graduate
132.5,1,0,21,1,0,0.0,1,10.0,Enrolled
140.0,0,0,21,1,2,12.5,0,0.0,Dropout
100.1,0,0,35,1,7,12.142857142857142,4,12.25,Dropout
128.2,1,0,28,1,3,12.0,3,11.333333333333334,Dropout
133.4,1,0,24,1,4,11.25,4,10.428571428571429,Enrolled
136.1,0,0,19,1,0,0.0,0,0.0,Dropout
123.0,0,0,20,1,5,12.4,4,13.0,Enrolled
130.3,1,1,20,1,6,12.833333333333334,6,12.666666666666666,Graduate
153.7,1,0,19,1,1,13.0,2,10.0,Enrolled
142.5,0,0,37,1,5,12.0,3,11.666666666666666,Dropout
114.6,1,0,19,1,2,12.0,1,13.0,Dropout
108.5,1,0,36,1,0,0.0,0,0.0,Dropout
140.0,1,0,29,1,0,0.0,0,0.0,Dropout
120.0,1,0,30,1,6,11.375,5,11.6,Graduate
120.0,1,0,32,1,2,12.0,0,0.0,Dropout
127.6,1,0,26,1,6,11.833333333333334,6,11.666666666666666,Enrolled
140.0,1,0,37,1,1,12.0,2,10.5,Dropout
111.3,1,0,27,1,3,12.0,2,11.0,Dropout
131.0,1,1,18,1,6,12.714285714285714,5,11.833333333333334,Graduate
139.5,1,1,18,1,8,15.3,8,15.3,Graduate
110.0,0,0,32,1,2,11.5,0,0.0,Dropout
130.0,1,0,20,1,1,13.0,3,12.6,Enrolled
115.0,1,0,22,1,0,0.0,0,0.0,Dropout
154.3,1,0,32,0,0,0.0,0,0.0,Dropout
135.0,1,0,21,0,4,11.0,5,12.0,Enrolled
115.2,0,0,19,0,3,12.666666666666666,5,13.125,Dropout
130.6,1,1,18,0,6,13.5,6,14.0,Graduate
117.4,1,1,18,0,5,12.0,5,11.4,Graduate
150.0,0,0,38,0,0,0.0,0,0.0,Dropout
131.3,1,0,21,0,5,11.8,4,10.5,Dropout
120.4,0,0,21,0,2,11.5,1,13.0,Dropout
113.6,1,0,26,1,2,11.5,3,12.0,Enrolled
125.0,1,0,19,0,6,14.616666666666667,6,14.616666666666667,Graduate
132.3,1,1,19,0,7,14.06,7,14.06,Enrolled
142.7,1,0,18,0,4,11.0,3,11.333333333333334,Dropout
130.0,1,0,25,0,0,0.0,0,0.0,Dropout
120.8,1,0,19,0,7,12.192307692307692,7,12.192307692307692,Graduate
130.3,1,1,18,0,6,12.833333333333334,6,12.333333333333334,Graduate
119.9,1,1,19,0,5,12.875,5,11.833333333333334,Graduate
110.5,1,1,22,0,6,12.166666666666666,6,12.5,Graduate
160.0,1,0,21,0,6,13.428571428571429,6,12.857142857142858,Graduate
118.6,1,1,21,0,6,14.5,6,14.666666666666666,Graduate
112.3,1,1,20,0,7,12.142857142857142,7,12.857142857142858,Graduate
124.4,1,0,19,0,4,11.25,3,11.714285714285714,Enrolled
125.0,1,0,18,0,6,13.9,6,13.9,Graduate
105.8,1,0,26,0,3,13.766666666666666,3,12.066666666666668,Dropout
121.5,1,0,31,0,13,11.615384615384617,11,12.545454545454543,Dropout
134.2,1,1,18,0,6,15.166666666666666,6,14.142857142857142,Graduate
130.0,1,0,35,0,0,0.0,0,0.0,Dropout
122.8,1,0,19,0,2,14.5,3,11.333333333333334,Enrolled
108.7,1,1,19,0,5,10.8,6,10.714285714285714,Graduate
136.7,1,0,18,0,7,13.995714285714287,8,14.955555555555556,Graduate
119.1,1,0,20,0,6,13.285714285714286,6,11.8,Graduate
151.3,1,1,19,0,12,12.75,11,13.25,Graduate
108.3,1,1,21,0,2,10.5,5,12.4,Enrolled
127.4,1,1,18,0,7,12.714285714285714,7,12.285714285714286,Graduate
124.0,1,0,23,0,8,12.88625,8,12.88625,Graduate
155.0,1,1,21,0,5,13.0,6,12.666666666666666,Graduate
114.0,1,1,19,0,5,12.2,5,11.2,Graduate
118.9,1,0,19,0,4,12.8,3,14.5,Enrolled
160.0,1,0,20,0,11,13.785714285714286,9,13.88888888888889,Graduate
126.1,1,0,18,0,0,0.0,4,13.25,Enrolled
136.5,1,1,18,0,8,14.50125,8,14.50125,Graduate
122.3,1,0,19,0,6,14.35,6,14.35,Graduate
128.0,1,1,21,0,6,11.5,6,12.333333333333334,Graduate
156.5,1,1,18,0,6,11.714285714285714,6,14.666666666666666,Graduate
125.7,1,0,20,0,6,13.571428571428571,5,13.6,Enrolled
143.0,1,0,18,0,5,13.0,6,13.666666666666666,Graduate
131.9,1,1,18,0,7,13.56875,8,14.02625,Graduate
113.7,1,0,32,0,5,10.2,4,11.25,Enrolled
155.1,1,0,18,0,0,0.0,0,0.0,Graduate
121.1,1,0,19,0,5,12.2,5,11.8,Enrolled
130.3,1,1,18,0,8,14.15375,8,14.15375,Graduate
123.3,0,0,18,0,0,0.0,0,0.0,Dropout
117.4,1,0,20,0,6,13.833333333333334,6,12.833333333333334,Graduate
140.3,1,0,19,0,6,13.428571428571429,4,14.0,Enrolled
120.0,1,0,19,0,7,12.454285714285716,7,12.454285714285716,Graduate
133.4,1,0,18,0,1,11.0,0,0.0,Enrolled
126.7,1,0,18,0,0,0.0,0,0.0,Dropout
129.3,1,1,18,0,6,13.271666666666668,7,12.94375,Graduate
125.7,1,0,20,0,6,13.548333333333334,6,14.775,Enrolled
144.8,1,0,19,0,6,12.166666666666666,6,12.5,Enrolled
98.6,1,0,21,0,2,11.0,0,0.0,Dropout
126.9,1,1,19,0,7,13.285714285714286,7,14.428571428571429,Graduate
146.7,1,1,20,0,6,13.333333333333334,6,14.0,Graduate
117.0,1,1,21,0,8,13.2575,8,13.2575,Graduate
130.0,1,0,23,0,0,0.0,0,0.0,Dropout
125.8,0,1,18,0,6,12.666666666666666,2,11.5,Dropout
160.0,1,0,30,0,5,14.6,5,15.4,Dropout
134.2,1,0,20,0,0,0.0,0,0.0,Dropout
96.0,0,0,29,0,3,12.333333333333334,0,0.0,Dropout
101.8,1,0,24,0,5,10.8,2,11.0,Enrolled
125.2,1,0,20,0,6,11.666666666666666,6,11.333333333333334,Graduate
100.0,1,0,27,0,4,12.5,6,14.333333333333334,Dropout
140.0,1,0,23,0,0,0.0,0,0.0,Dropout
120.0,1,1,23,0,6,15.333333333333334,6,14.166666666666666,Graduate
134.3,1,0,18,0,7,14.2,7,14.2,Graduate
144.7,1,1,19,0,6,14.833333333333334,6,14.666666666666666,Graduate
131.9,1,0,19,0,7,13.642857142857142,8,14.3875,Dropout
136.7,1,1,18,0,6,13.833333333333334,6,14.0,Dropout
129.8,1,0,19,0,6,11.833333333333334,6,13.0,Graduate
146.5,1,1,18,0,6,13.428571428571429,6,13.5,Graduate
122.5,1,0,29,0,8,10.5,9,10.333333333333334,Enrolled
117.8,1,0,24,0,6,11.416666666666666,8,11.9625,Graduate
106.0,1,0,19,0,2,12.75,2,11.0,Dropout
119.0,1,0,19,0,6,11.15,7,12.814285714285717,Enrolled
115.1,1,0,19,0,3,11.666666666666666,5,13.625,Enrolled
116.9,1,0,20,0,6,11.5,5,12.4,Graduate
141.7,1,0,18,0,6,13.833333333333334,6,12.666666666666666,Graduate
127.7,0,0,18,0,6,11.714285714285714,4,11.333333333333334,Dropout
122.1,1,1,19,0,7,11.678571428571429,7,13.0375,Graduate
153.5,1,0,19,0,6,15.714285714285714,6,14.666666666666666,Dropout
141.4,1,1,18,0,0,0.0,0,0.0,Graduate
135.8,1,1,19,0,6,13.0,6,13.0,Graduate
127.5,1,1,18,0,7,14.485714285714286,8,14.58888888888889,Graduate
151.6,1,0,24,0,5,12.285714285714286,5,12.125,Enrolled
121.4,1,0,28,0,4,13.375,5,13.5,Enrolled
100.0,1,0,20,0,7,11.571428571428571,7,11.571428571428571,Graduate
131.5,1,1,19,0,7,12.657142857142857,7,12.657142857142857,Graduate
109.3,0,0,22,0,2,10.0,1,10.0,Dropout
127.9,1,0,19,0,6,13.714285714285714,6,13.166666666666666,Graduate
140.0,1,0,36,0,13,13.071428571428571,11,13.0,Graduate
160.0,1,1,19,0,6,15.333333333333334,6,14.0,Graduate
119.8,1,0,18,0,5,11.571428571428571,6,12.142857142857142,Graduate
153.0,0,0,40,0,0,0.0,0,0.0,Dropout
125.0,1,1,19,0,6,12.9,6,12.9,Graduate
103.7,1,0,38,0,5,13.126,5,13.126,Enrolled
120.0,1,0,32,0,4,11.5,3,11.666666666666666,Dropout
146.0,1,0,19,0,3,10.333333333333334,5,11.8,Enrolled
116.9,1,0,19,0,6,13.5,6,13.428571428571429,Graduate
117.9,1,0,35,0,0,0.0,0,0.0,Dropout
128.6,1,0,20,0,4,12.0,2,11.5,Enrolled
135.0,1,0,29,0,7,11.142857142857142,8,11.375,Graduate
124.6,1,0,29,0,5,11.4,4,10.25,Enrolled
124.0,1,1,19,0,7,12.771428571428572,7,12.771428571428572,Enrolled
129.5,1,1,18,0,7,13.79857142857143,7,13.79857142857143,Graduate
111.3,0,0,25,0,6,13.333333333333334,6,13.5,Graduate
95.0,0,0,50,0,0,0.0,0,0.0,Dropout
131.8,1,0,24,0,14,11.357142857142858,13,12.846153846153848,Dropout
119.1,1,0,18,0,0,0.0,0,0.0,Dropout
125.4,1,0,20,0,6,15.692307692307692,5,14.428571428571429,Graduate
140.7,1,1,20,0,18,15.052631578947368,13,14.538461538461538,Graduate
131.9,1,0,21,0,6,11.5,5,12.4,Dropout
124.0,1,0,28,1,7,11.0,1,10.0,Enrolled
139.2,1,1,19,1,6,13.0,6,13.166666666666666,Graduate
121.8,1,1,18,1,8,12.93875,8,12.93875,Graduate
132.9,1,0,22,1,0,0.0,0,0.0,Graduate
130.0,1,0,25,1,0,0.0,0,0.0,Dropout
130.1,0,0,37,1,5,13.0,5,12.88,Dropout
124.5,0,0,38,1,5,12.18,4,11.8125,Dropout
162.3,1,0,36,1,3,11.333333333333334,5,11.4,Dropout
137.8,1,0,18,1,7,13.0,7,13.0,Graduate
119.5,0,0,19,1,0,0.0,0,0.0,Dropout
110.0,1,0,24,1,2,12.5,3,12.333333333333334,Dropout
105.0,1,0,20,1,5,11.0,5,12.166666666666666,Graduate
142.8,1,0,21,1,0,0.0,0,0.0,Dropout
128.2,1,0,32,1,0,0.0,0,0.0,Dropout
120.0,1,0,39,1,0,0.0,1,10.0,Dropout
130.0,0,0,33,1,0,0.0,0,0.0,Dropout
121.7,1,1,20,1,5,12.4,4,10.75,Graduate
116.0,1,0,19,1,6,15.5,6,14.1,Graduate
133.2,0,0,43,1,2,11.5,3,10.8,Dropout
116.7,1,0,49,1,4,13.333333333333334,4,11.6,Dropout
126.4,1,1,18,1,6,12.666666666666666,6,13.5,Graduate
140.0,1,0,27,1,0,0.0,0,0.0,Enrolled
120.3,1,1,19,1,5,12.6,5,13.6,Dropout
118.0,1,1,45,1,6,13.5,0,0.0,Dropout
149.5,0,0,19,1,6,13.0,6,13.0,Graduate
130.0,1,1,21,1,6,11.714285714285714,4,11.75,Graduate
126.3,1,1,18,1,6,12.166666666666666,5,13.0,Graduate
116.2,1,0,18,1,0,0.0,0,0.0,Dropout
126.0,0,0,29,1,0,0.0,0,0.0,Dropout
122.3,1,0,19,1,5,11.5,5,11.6,Graduate
119.5,1,1,18,1,4,11.25,4,12.25,Enrolled
131.8,1,1,22,1,7,12.285714285714286,8,12.375,Graduate
130.7,1,1,18,1,7,12.718571428571428,8,12.805555555555555,Dropout
140.0,1,0,20,1,5,12.4,2,15.0,Enrolled
129.5,1,0,20,1,0,0.0,0,0.0,Dropout
130.0,1,1,29,1,1,14.0,0,0.0,Dropout
114.0,1,0,29,1,3,11.666666666666666,4,11.25,Dropout
121.0,1,0,23,1,1,13.0,4,11.25,Enrolled
116.4,1,0,19,1,0,0.0,0,0.0,Dropout
121.7,1,0,18,1,0,0.0,1,12.0,Dropout
130.0,1,0,22,1,4,11.5,2,12.5,Dropout
120.0,1,0,34,1,7,11.714285714285714,6,11.5,Dropout
125.0,1,0,26,1,5,12.6,5,13.714285714285714,Graduate
134.1,1,0,24,1,13,11.642857142857142,12,11.25,Dropout
149.5,1,1,17,1,6,14.875,6,13.428571428571429,Graduate
113.2,1,0,21,1,2,10.0,3,10.333333333333334,Enrolled
146.0,1,0,34,1,5,14.2,5,14.6,Enrolled
140.0,1,0,19,1,6,12.714285714285714,6,13.5,Graduate
162.4,0,0,49,1,5,11.6,5,11.2,Dropout
136.6,1,0,23,1,5,11.94,6,12.2,Dropout
111.0,1,0,18,1,4,11.6,3,14.2,Dropout
115.7,1,0,20,1,5,12.7,7,13.475,Enrolled
105.7,1,0,19,1,6,13.333333333333334,5,13.8,Graduate
128.2,1,0,24,1,8,13.333333333333334,9,13.11111111111111,Enrolled
137.0,1,0,18,1,5,13.4,5,15.0,Graduate
120.0,0,0,45,1,0,0.0,0,0.0,Dropout
120.5,1,0,30,1,2,11.0,0,0.0,Dropout
118.1,1,0,28,1,13,12.0,9,11.333333333333334,Dropout
139.0,1,0,40,1,0,0.0,0,0.0,Dropout
116.3,0,0,32,1,0,0.0,0,0.0,Dropout
120.5,1,0,19,1,4,12.5,4,10.25,Dropout
134.9,1,0,20,1,6,13.666666666666666,6,12.166666666666666,Graduate
123.0,1,0,18,1,1,10.0,0,0.0,Dropout
122.9,0,0,20,1,6,11.5,2,13.0,Dropout
140.0,1,0,39,1,4,12.25,4,12.75,Enrolled
122.5,0,0,19,1,5,13.6,5,13.666666666666666,Enrolled
121.5,1,0,38,1,2,10.5,3,11.333333333333334,Enrolled
132.3,1,1,18,1,6,13.266666666666666,6,13.266666666666666,Graduate
131.5,1,1,18,1,7,12.5125,8,14.1875,Graduate
128.2,1,0,28,1,0,0.0,0,0.0,Dropout
148.0,0,0,31,1,0,0.0,0,0.0,Dropout
121.5,1,0,23,1,6,13.483333333333334,6,13.483333333333334,Graduate
135.4,1,0,21,1,6,12.565,5,12.16,Enrolled
139.0,0,0,33,1,0,0.0,0,0.0,Dropout
113.4,1,0,22,1,3,13.0,3,11.666666666666666,Dropout
150.0,1,0,20,1,5,16.5,5,17.714285714285715,Dropout
122.0,1,0,19,1,6,13.166666666666666,5,13.2,Enrolled
150.0,1,0,20,1,6,13.8,6,13.142857142857142,Graduate
119.3,1,0,25,1,6,11.166666666666666,4,11.8,Enrolled
140.0,0,0,25,1,0,0.0,0,0.0,Dropout
125.0,1,0,19,1,6,12.666666666666666,6,12.142857142857142,Enrolled
140.7,1,0,20,1,5,12.6,4,14.5,Graduate
100.0,1,0,33,1,5,13.06,0,0.0,Enrolled
146.7,1,0,19,1,6,13.833333333333334,6,13.625,Graduate
96.0,1,0,31,1,0,0.0,0,0.0,Dropout
160.0,0,0,24,1,2,16.0,2,16.0,Dropout
130.0,0,0,23,1,0,0.0,0,0.0,Dropout
130.0,0,1,26,1,3,10.666666666666666,3,10.666666666666666,Dropout
140.0,1,0,38,1,18,14.5,18,14.5,Graduate
116.6,1,1,20,1,5,14.0,5,13.8,Graduate
120.5,1,0,20,1,3,13.333333333333334,5,13.571428571428571,Graduate
103.0,1,0,25,1,0,0.0,0,0.0,Dropout
111.9,1,0,19,1,5,12.0,4,11.2,Graduate
148.7,1,0,18,1,5,16.2,5,16.0,Graduate
120.0,1,0,28,1,7,10.285714285714286,5,10.6,Dropout
125.7,1,0,18,1,0,0.0,0,0.0,Enrolled
120.1,1,1,20,1,6,13.571428571428571,6,13.166666666666666,Graduate
127.8,1,0,18,1,6,14.285714285714286,6,14.857142857142858,Graduate
106.4,1,0,19,1,5,10.2,4,10.5,Graduate
100.0,1,0,24,1,2,10.25,2,10.25,Dropout
123.9,1,0,21,1,0,0.0,0,0.0,Dropout
139.5,1,1,20,1,6,14.833333333333334,6,14.833333333333334,Graduate
150.0,1,0,21,1,5,13.625,5,12.6,Graduate
139.8,1,0,24,1,7,12.271428571428572,7,13.657142857142857,Graduate
154.4,1,0,27,1,0,0.0,0,0.0,Dropout
115.5,0,0,19,1,4,12.5,5,10.5,Enrolled
119.0,1,0,39,1,9,13.22222222222222,7,13.142857142857142,Graduate
96.1,1,0,25,1,2,15.0,2,11.5,Dropout
130.0,0,0,18,1,0,0.0,0,0.0,Dropout
128.8,1,0,19,1,12,13.166666666666666,12,13.0,Graduate
126.8,1,1,21,1,5,13.833333333333334,4,14.0,Graduate
130.0,1,0,27,1,0,0.0,0,0.0,Dropout
116.7,1,0,19,1,0,0.0,0,0.0,Enrolled
125.5,1,0,18,1,7,13.154285714285717,7,13.154285714285717,Enrolled
110.0,1,0,27,1,9,12.333333333333334,6,13.166666666666666,Dropout
133.7,1,0,18,1,6,13.0,5,11.8,Dropout
117.6,1,0,19,1,2,11.5,5,11.4,Enrolled
140.0,1,0,19,1,3,13.25,1,12.0,Dropout
150.0,1,0,22,1,3,13.333333333333334,3,12.75,Enrolled
133.7,1,0,18,0,6,13.5,6,12.166666666666666,Graduate
137.0,1,1,18,0,6,12.666666666666666,5,12.8,Graduate
128.2,1,0,23,0,11,15.090909090909092,6,14.5,Dropout
129.2,0,0,20,1,0,0.0,0,0.0,Dropout
129.5,1,0,18,1,6,13.166666666666666,6,12.666666666666666,Graduate
129.6,1,0,18,1,6,12.833333333333334,6,12.833333333333334,Graduate
121.7,1,0,18,1,5,11.8,3,12.0,Enrolled
141.8,1,0,20,1,6,11.833333333333334,6,12.166666666666666,Graduate
129.8,1,0,20,1,5,12.8,3,12.75,Graduate
106.0,1,0,21,1,5,11.8,5,11.0,Dropout
121.6,1,0,22,1,0,0.0,0,0.0,Enrolled
121.5,1,0,20,1,5,15.8,5,14.571428571428571,Dropout
117.0,1,0,19,1,0,0.0,0,0.0,Enrolled
130.0,1,0,19,1,2,12.5,3,11.6,Enrolled
117.7,1,0,20,1,6,14.666666666666666,6,13.857142857142858,Graduate
140.0,1,0,19,1,4,12.5,2,12.0,Dropout
133.1,1,0,19,1,3,12.0,2,10.5,Dropout
100.0,1,0,24,1,7,13.142857142857142,6,11.833333333333334,Enrolled
119.1,1,0,18,1,3,12.666666666666666,4,11.142857142857142,Dropout
129.8,0,1,18,1,5,15.0,5,14.2,Enrolled
131.3,1,0,18,0,5,13.6,5,11.8,Dropout
136.7,1,0,18,0,6,12.5,6,13.833333333333334,Graduate
126.2,1,1,21,0,6,13.333333333333334,6,13.5,Graduate
109.6,1,0,18,0,4,12.25,5,11.0,Dropout
131.9,1,1,18,0,7,15.101428571428572,8,16.09375,Graduate
140.7,1,1,18,0,6,13.166666666666666,6,16.0,Graduate
120.7,1,0,23,0,4,11.0,0,0.0,Dropout
113.8,1,0,21,0,3,11.666666666666666,4,11.75,Graduate
121.0,1,0,20,0,1,10.0,1,13.0,Enrolled
112.4,1,0,26,0,7,11.571428571428571,2,11.0,Dropout
131.0,1,1,18,0,6,12.166666666666666,5,11.2,Enrolled
142.7,1,0,18,0,0,0.0,0,0.0,Dropout
125.5,0,1,19,0,6,13.833333333333334,6,14.285714285714286,Graduate
107.8,1,1,20,0,6,12.357142857142858,7,13.0,Graduate
110.4,0,0,19,0,6,12.166666666666666,2,10.333333333333334,Dropout
136.1,1,0,21,0,3,12.0,2,12.5,Enrolled
138.3,1,0,33,0,9,12.416666666666666,7,13.0,Graduate
142.3,1,0,18,0,4,12.75,4,12.75,Graduate
145.0,1,0,21,0,18,14.933333333333334,18,14.933333333333334,Graduate
125.7,1,0,19,0,6,13.0,6,11.666666666666666,Graduate
108.0,0,0,33,0,7,12.857142857142858,6,12.666666666666666,Enrolled
128.7,1,0,18,0,7,14.455000000000002,8,13.91,Graduate
128.0,1,1,18,0,6,14.0,6,13.285714285714286,Graduate
146.5,1,1,20,0,6,13.5,6,12.666666666666666,Graduate
106.1,0,0,20,0,0,0.0,0,0.0,Dropout
118.0,1,1,20,0,6,11.666666666666666,5,14.0,Graduate
117.0,1,1,19,0,4,12.0,5,13.333333333333334,Graduate
115.4,1,1,19,0,6,11.714285714285714,6,11.833333333333334,Graduate
117.0,1,0,21,0,6,12.666666666666666,6,12.428571428571429,Graduate
144.9,1,0,26,0,3,11.75,4,12.8,Enrolled
127.0,1,0,21,0,0,0.0,0,0.0,Dropout
118.0,1,0,18,0,7,12.328571428571427,7,12.328571428571427,Graduate
118.0,1,0,27,0,6,11.666666666666666,1,10.0,Dropout
126.4,1,1,20,0,12,13.25,11,12.727272727272728,Graduate
110.0,1,0,21,0,5,11.833333333333334,4,13.25,Enrolled
124.4,1,1,18,0,7,13.3,8,15.125,Graduate
140.0,1,0,20,0,6,12.555555555555555,5,11.8,Enrolled
129.4,1,0,18,0,6,12.833333333333334,6,12.166666666666666,Graduate
141.7,1,1,20,0,6,12.833333333333334,6,12.833333333333334,Graduate
132.1,1,1,19,0,3,12.666666666666666,3,13.0,Graduate
116.8,1,0,20,0,6,13.271428571428572,7,14.471428571428572,Graduate
135.0,1,1,20,0,5,12.4,5,12.833333333333334,Graduate
150.0,1,0,20,0,2,14.5,4,11.25,Enrolled
116.0,1,0,19,0,0,0.0,0,0.0,Dropout
155.0,1,0,18,0,6,14.285714285714286,6,13.25,Graduate
127.0,1,0,18,0,3,12.333333333333334,5,12.6,Graduate
130.8,1,1,19,0,6,12.583333333333334,7,12.671428571428573,Graduate
121.8,1,0,19,0,6,13.731666666666667,7,13.771428571428572,Dropout
140.0,1,0,43,1,6,12.875,5,12.142857142857142,Enrolled
148.5,1,0,47,1,8,14.625,5,13.4,Dropout
109.8,0,0,23,1,0,0.0,0,0.0,Dropout
119.7,1,1,19,0,6,12.666666666666666,6,12.666666666666666,Graduate
122.0,1,0,20,0,6,12.491666666666667,6,12.491666666666667,Graduate
147.5,1,1,19,0,12,13.666666666666666,11,14.166666666666666,Graduate
150.8,1,0,19,0,6,16.0,6,14.5,Graduate
150.0,1,0,19,0,6,14.142857142857142,6,13.0,Graduate
131.5,1,1,39,0,6,11.833333333333334,4,13.75,Graduate
127.2,1,1,20,0,6,12.666666666666666,6,13.0,Graduate
111.0,1,0,21,0,6,12.5,6,12.666666666666666,Graduate
119.9,0,0,22,0,9,10.88888888888889,4,11.25,Graduate
133.7,1,0,19,0,1,13.0,0,0.0,Dropout
140.0,1,0,22,0,6,15.166666666666666,6,16.0,Graduate
113.9,1,1,19,0,6,12.666666666666666,6,12.0,Graduate
120.7,1,0,18,1,0,0.0,0,0.0,Dropout
119.8,1,0,26,1,5,12.0,5,10.2,Enrolled
121.8,0,0,36,1,0,0.0,0,0.0,Dropout
117.7,1,1,20,1,0,0.0,0,0.0,Graduate
110.0,1,0,30,1,2,11.0,4,11.5,Dropout
134.4,1,0,24,1,6,15.714285714285714,6,15.9,Dropout
125.3,1,0,26,1,11,10.818181818181818,11,11.636363636363637,Dropout
119.1,0,0,19,1,1,12.0,0,0.0,Dropout
146.0,1,0,34,1,5,12.6,4,11.25,Graduate
130.0,1,0,33,1,1,13.0,3,14.0,Enrolled
122.0,1,0,19,1,5,11.6,4,10.75,Graduate
118.1,0,0,26,1,1,10.0,1,11.0,Dropout
105.2,1,0,29,1,1,14.0,0,0.0,Dropout
123.3,1,1,19,1,5,12.6,2,12.5,Dropout
124.8,1,0,18,1,0,0.0,0,0.0,Dropout
149.4,0,0,29,1,2,11.333333333333334,1,12.0,Dropout
108.5,1,0,21,1,6,12.666666666666666,5,11.4,Graduate
125.0,1,0,19,1,5,10.8,2,10.5,Enrolled
101.0,1,0,20,1,5,12.87857142857143,7,11.85625,Graduate
112.9,1,0,18,1,0,0.0,0,0.0,Dropout
120.2,1,0,18,1,6,12.833333333333334,5,11.4,Enrolled
111.6,1,1,21,1,5,12.6,3,12.833333333333334,Enrolled
134.1,1,0,20,1,0,0.0,0,0.0,Dropout
101.6,1,1,30,1,0,0.0,0,0.0,Dropout
111.9,1,0,19,1,6,14.166666666666666,6,14.0,Graduate
118.4,1,0,30,1,5,13.4,4,13.25,Dropout
127.1,1,1,22,1,5,11.2,4,11.25,Graduate
120.5,1,0,22,1,0,0.0,0,0.0,Graduate
136.1,0,0,19,1,6,12.666666666666666,5,11.8,Dropout
124.0,1,0,21,1,3,12.333333333333334,4,11.25,Dropout
141.6,1,0,21,1,4,12.25,5,12.0,Graduate
160.0,1,1,21,1,0,0.0,0,0.0,Dropout
110.0,1,0,27,1,3,10.75,3,10.333333333333334,Dropout
100.0,1,0,32,1,0,0.0,0,0.0,Dropout
120.0,0,0,40,1,0,0.0,0,0.0,Dropout
124.8,1,0,20,1,2,14.333333333333334,2,12.5,Enrolled
140.0,1,0,20,1,2,11.5,2,11.5,Dropout
124.3,1,0,18,1,0,0.0,0,0.0,Graduate
118.9,1,0,21,1,2,10.5,0,0.0,Dropout
130.2,1,0,18,1,6,13.5,0,0.0,Dropout
120.0,1,0,19,1,1,11.0,0,0.0,Enrolled
140.0,0,0,30,1,1,10.0,0,0.0,Dropout
130.0,1,0,29,1,0,0.0,0,0.0,Dropout
130.4,1,0,18,1,1,12.0,3,10.666666666666666,Dropout
116.1,1,1,18,1,4,12.25,5,12.2,Dropout
130.0,1,0,22,1,5,11.4,6,11.666666666666666,Dropout
124.3,0,0,27,1,0,0.0,0,0.0,Dropout
125.0,1,0,20,1,4,14.25,5,14.0,Graduate
110.0,1,0,42,1,11,14.454545454545457,10,14.2,Graduate
115.0,1,0,21,1,12,14.538461538461538,12,14.461538461538462,Graduate
129.6,1,0,23,1,6,12.733333333333334,7,11.95,Graduate
128.8,1,0,21,1,5,13.2,4,13.5,Dropout
144.2,1,0,19,1,0,0.0,0,0.0,Graduate
134.0,1,1,40,1,6,12.333333333333334,4,12.75,Dropout
112.0,1,0,22,1,5,11.2,7,11.25,Dropout
128.8,1,0,19,1,6,13.2,6,13.2,Graduate
134.0,1,1,24,1,5,11.833333333333334,4,14.0,Enrolled
125.0,1,0,21,1,5,11.333333333333334,2,11.5,Enrolled
123.2,1,0,18,1,5,13.6,5,14.6,Graduate
118.4,1,0,18,1,0,0.0,2,11.5,Dropout
116.2,1,0,24,1,5,12.857142857142858,5,13.666666666666666,Dropout
123.0,1,1,28,1,3,14.333333333333334,5,12.428571428571429,Enrolled
113.5,1,1,19,0,5,13.5,6,14.0,Graduate
125.0,1,0,28,0,6,14.428571428571429,4,15.6,Enrolled
134.8,1,0,18,0,0,0.0,0,0.0,Dropout
149.9,0,0,19,0,0,0.0,0,0.0,Graduate
119.8,1,1,19,0,8,12.82875,8,12.82875,Graduate
125.0,1,0,21,0,0,0.0,4,13.75,Graduate
135.1,1,0,18,0,0,0.0,0,0.0,Dropout
138.3,1,0,19,0,6,14.666666666666666,6,13.166666666666666,Graduate
122.5,1,0,19,0,7,13.937142857142858,7,13.937142857142858,Graduate
148.0,1,0,20,0,10,14.7,12,14.583333333333334,Graduate
126.2,1,0,18,0,6,11.666666666666666,5,12.2,Graduate
129.8,1,0,20,0,6,14.85,6,14.85,Graduate
104.0,1,0,26,0,1,12.0,0,0.0,Dropout
126.7,1,0,18,0,7,13.6875,8,15.622222222222222,Dropout
120.0,1,0,58,0,5,12.4,5,11.6,Graduate
124.6,1,0,18,0,7,13.398,8,13.5425,Graduate
130.0,1,0,20,0,5,11.8,4,12.0,Enrolled
127.3,1,0,20,0,0,0.0,0,0.0,Dropout
122.0,1,0,29,0,13,11.76923076923077,14,11.928571428571429,Graduate
125.1,0,0,27,0,0,0.0,0,0.0,Dropout
110.0,1,1,21,0,6,13.285714285714286,6,13.0,Graduate
129.8,1,1,20,0,6,11.666666666666666,6,11.166666666666666,Graduate
114.9,1,1,19,0,6,11.5,5,12.2,Graduate
125.6,1,1,22,0,6,13.081666666666669,6,13.15,Graduate
125.1,1,1,19,0,6,12.666666666666666,6,13.0,Graduate
115.7,0,0,19,0,3,11.333333333333334,0,0.0,Dropout
112.6,1,0,23,0,5,13.6,5,11.6,Enrolled
127.2,1,1,18,0,6,13.166666666666666,5,13.2,Dropout
140.0,1,0,19,0,0,0.0,0,0.0,Dropout
140.0,1,0,20,0,5,11.666666666666666,5,12.6,Graduate
120.4,1,1,19,0,6,13.5,6,13.428571428571429,Graduate
100.0,0,1,26,0,0,0.0,0,0.0,Dropout
113.5,1,1,18,0,6,13.166666666666666,6,14.142857142857142,Graduate
132.1,1,0,29,0,4,12.5,2,12.5,Dropout
160.0,0,0,20,0,6,13.375,6,13.0,Graduate
126.3,1,0,19,0,6,13.166666666666666,6,12.666666666666666,Graduate
160.0,1,0,23,0,4,13.4,2,13.5,Enrolled
100.0,1,0,25,0,3,13.0,3,11.666666666666666,Enrolled
125.8,1,0,18,0,7,13.154285714285717,7,13.154285714285717,Graduate
142.2,1,1,19,0,6,12.833333333333334,6,12.833333333333334,Graduate
119.4,1,0,18,0,7,12.142857142857142,7,13.142857142857142,Graduate
106.4,1,1,19,0,5,13.34,6,12.385714285714286,Enrolled
120.0,1,0,36,0,4,13.0,4,13.75,Dropout
150.0,1,1,20,1,3,12.0,3,11.666666666666666,Enrolled
148.6,1,0,20,1,0,0.0,0,0.0,Dropout
108.7,1,0,18,1,5,11.0,0,0.0,Dropout
130.0,1,0,19,1,5,11.5,6,11.333333333333334,Enrolled
124.6,0,0,20,1,3,13.333333333333334,2,12.5,Dropout
131.0,1,0,18,1,7,14.594444444444443,8,13.472,Graduate
130.0,1,0,20,1,4,11.0,3,10.666666666666666,Dropout
116.1,0,0,24,1,0,0.0,0,0.0,Dropout
125.6,1,0,19,1,0,0.0,0,0.0,Dropout
121.3,1,0,18,1,1,12.0,2,12.0,Dropout
107.4,1,0,18,1,5,14.0,5,13.2,Graduate
116.9,1,0,18,1,6,13.571428571428571,5,11.8,Graduate
123.5,1,0,22,1,0,0.0,0,0.0,Dropout
130.5,1,0,19,1,6,14.25,6,13.857142857142858,Graduate
140.0,0,0,32,0,0,0.0,0,0.0,Dropout
117.1,1,1,21,0,0,0.0,0,0.0,Dropout
127.5,1,1,19,0,7,13.542857142857144,7,13.542857142857144,Graduate
126.0,1,1,39,0,9,13.11111111111111,7,11.714285714285714,Graduate
113.0,1,0,30,0,9,12.666666666666666,7,12.142857142857142,Graduate
130.1,1,0,18,0,4,10.75,2,10.0,Dropout
110.0,1,0,38,0,4,10.75,2,10.0,Dropout
135.8,1,0,20,0,6,13.666666666666666,6,13.333333333333334,Graduate
126.3,1,0,55,0,6,13.833333333333334,6,12.833333333333334,Graduate
130.0,1,0,53,0,17,13.176470588235292,16,13.0,Dropout
104.0,1,0,54,0,4,12.75,5,12.6,Dropout
123.6,1,1,18,0,5,12.86,5,12.86,Enrolled
121.0,0,0,44,0,4,12.0,4,12.0,Dropout
130.5,1,0,28,0,9,11.666666666666666,9,12.555555555555555,Graduate
180.0,1,0,37,0,14,16.5,11,16.90909090909091,Graduate
112.5,1,0,20,0,9,12.333333333333334,7,11.77777777777778,Graduate
126.1,1,0,18,0,7,12.59125,7,12.820000000000002,Enrolled
111.8,1,0,19,1,4,11.5,3,11.0,Dropout
131.4,1,1,23,1,18,11.894736842105264,13,12.923076923076923,Graduate
144.3,1,0,22,1,0,0.0,0,0.0,Dropout
115.0,0,0,24,1,0,0.0,0,0.0,Dropout
120.0,1,0,22,1,5,13.0,2,11.5,Enrolled
168.6,1,0,26,1,0,0.0,0,0.0,Dropout
127.7,1,0,18,1,6,15.166666666666666,6,14.833333333333334,Graduate
150.0,1,0,24,1,4,11.75,2,13.5,Dropout
129.8,1,0,18,1,0,0.0,1,15.0,Enrolled
135.6,1,0,26,1,0,0.0,0,0.0,Dropout
100.0,1,0,27,1,3,11.333333333333334,3,14.75,Dropout
140.0,1,1,20,1,5,12.6,5,13.2,Graduate
124.1,1,0,19,1,0,0.0,1,14.0,Dropout
131.6,1,1,18,1,6,15.5,4,15.5,Dropout
129.0,1,0,18,1,7,12.365714285714288,7,12.365714285714288,Graduate
135.7,1,0,19,1,5,13.2,5,13.25,Enrolled
108.0,1,0,34,1,7,11.428571428571429,7,11.857142857142858,Enrolled
110.8,1,0,19,1,0,0.0,0,0.0,Dropout
124.5,1,1,19,1,4,14.0,6,12.333333333333334,Graduate
100.0,1,0,30,1,3,12.0,5,11.8,Dropout
123.8,0,0,22,1,0,0.0,3,12.0,Dropout
131.4,0,0,19,1,4,10.0,3,11.333333333333334,Dropout
118.5,1,0,21,1,1,10.0,1,10.0,Dropout
122.0,0,0,22,1,0,0.0,0,0.0,Dropout
122.9,1,1,19,1,6,11.166666666666666,3,11.666666666666666,Enrolled
118.7,1,0,20,1,4,11.75,3,11.333333333333334,Enrolled
100.0,1,0,35,1,3,11.75,0,0.0,Dropout
135.9,1,0,20,1,1,10.0,1,11.0,Dropout
138.4,1,0,21,1,3,14.0,5,12.8,Graduate
128.2,0,0,27,1,0,0.0,0,0.0,Dropout
107.4,0,0,26,1,3,12.0,0,0.0,Dropout
129.8,0,0,20,1,0,0.0,0,0.0,Dropout
100.0,0,0,28,1,8,11.88888888888889,5,11.6,Dropout
113.0,1,0,19,1,6,13.833333333333334,6,13.666666666666666,Graduate
107.0,0,0,47,1,0,0.0,0,0.0,Dropout
130.0,0,0,55,1,5,11.4,5,12.4,Dropout
120.0,1,0,39,1,0,0.0,2,11.0,Dropout
120.5,1,0,35,1,14,10.642857142857142,12,10.666666666666666,Dropout
120.5,0,0,32,1,2,11.0,0,0.0,Dropout
137.0,1,0,20,1,6,16.833333333333332,6,16.666666666666668,Graduate
115.0,1,0,36,1,6,13.571428571428571,5,13.2,Graduate
142.7,1,1,34,1,5,14.714285714285714,5,14.375,Graduate
116.7,1,0,21,1,0,0.0,0,0.0,Dropout
136.1,1,1,42,1,1,10.0,1,11.0,Dropout
134.3,1,0,25,1,1,11.0,4,11.75,Dropout
153.0,1,1,18,1,1,11.0,0,0.0,Dropout
132.0,1,1,18,1,5,12.0,6,12.833333333333334,Graduate
129.6,1,0,19,1,6,11.125,6,11.857142857142858,Graduate
105.0,0,0,34,1,3,11.333333333333334,2,11.5,Dropout
130.8,1,0,20,1,2,12.0,0,0.0,Dropout
119.7,1,0,20,1,0,0.0,0,0.0,Dropout
132.5,1,0,21,1,7,14.54,7,14.54,Graduate
130.0,1,0,19,1,6,12.166666666666666,4,13.0,Graduate
120.0,0,0,31,1,4,13.5,3,11.666666666666666,Dropout
150.0,1,0,21,1,6,14.75,5,14.333333333333334,Graduate
115.6,1,1,20,1,5,12.375,5,11.666666666666666,Graduate
119.1,1,0,22,1,6,12.733333333333334,6,12.733333333333334,Graduate
123.5,0,0,19,1,4,12.5,0,0.0,Dropout
120.0,0,0,41,1,0,0.0,0,0.0,Dropout
110.0,1,0,27,1,0,0.0,0,0.0,Dropout
131.4,1,0,19,0,7,13.44285714285714,7,13.771428571428572,Dropout
126.8,1,1,20,0,8,14.2,8,14.2,Graduate
118.9,1,1,19,0,6,13.55,6,13.55,Graduate
160.0,1,0,35,0,5,11.6,5,11.166666666666666,Graduate
115.9,1,0,22,0,6,13.571428571428571,6,15.285714285714286,Graduate
109.3,1,1,20,0,6,13.833333333333334,6,15.0,Graduate
113.9,0,0,18,0,4,11.25,4,10.857142857142858,Dropout
121.8,1,1,18,0,5,10.2,4,11.25,Graduate
140.0,1,0,30,0,7,15.675714285714283,7,15.675714285714283,Graduate
114.7,1,1,18,0,6,10.833333333333334,6,12.0,Graduate
120.0,1,1,20,0,6,14.5,5,15.0,Enrolled
107.3,1,1,19,0,4,10.4,4,10.75,Enrolled
136.2,1,0,19,0,5,13.0,5,13.333333333333334,Graduate
119.5,1,1,21,0,7,12.242857142857144,8,14.125,Graduate
106.0,1,0,21,0,7,13.0,6,12.5,Enrolled
124.1,1,0,18,0,6,14.166666666666666,6,13.428571428571429,Enrolled
133.2,1,1,18,0,4,14.25,4,12.5,Graduate
110.0,0,0,35,0,1,12.0,2,10.5,Dropout
114.8,1,0,21,0,4,13.25,5,13.82,Enrolled
130.0,1,1,18,1,6,13.183333333333332,6,13.183333333333332,Graduate
122.6,1,0,22,1,1,11.0,0,0.0,Enrolled
133.5,1,1,20,1,7,11.9725,8,12.65125,Graduate
120.0,1,0,34,0,5,12.4,5,12.8,Graduate
120.0,1,0,33,0,5,12.6,5,11.25,Enrolled
137.3,1,1,22,0,6,13.9,6,13.9,Graduate
123.5,1,1,20,0,4,11.5,3,11.0,Enrolled
131.8,1,0,35,0,4,14.2,4,11.857142857142858,Enrolled
130.0,0,0,39,0,3,10.666666666666666,3,10.666666666666666,Dropout
128.0,0,0,19,0,0,0.0,0,0.0,Dropout
95.0,1,1,36,0,6,11.0,3,11.333333333333334,Graduate
116.0,1,1,21,0,7,13.957142857142856,7,13.957142857142856,Graduate
136.7,1,0,22,0,4,12.5,3,13.666666666666666,Enrolled
107.5,1,1,42,0,6,13.333333333333334,6,15.285714285714286,Graduate
108.4,1,0,34,0,0,0.0,0,0.0,Dropout
130.7,1,0,20,0,6,11.666666666666666,5,11.6,Enrolled
155.9,1,0,33,0,6,15.714285714285714,6,15.5,Graduate
106.1,1,0,20,0,5,11.0,5,11.4,Graduate
128.6,1,0,19,0,4,12.25,4,12.75,Graduate
140.0,1,0,34,0,5,12.2,8,12.22222222222222,Dropout
145.0,1,0,18,0,5,13.0,5,14.0,Graduate
113.0,1,1,24,0,4,12.0,6,13.0,Graduate
137.1,1,0,18,0,6,13.333333333333334,6,12.333333333333334,Graduate
119.7,1,0,20,0,3,13.0,3,13.0,Enrolled
120.5,1,0,21,0,7,12.91,7,12.91,Graduate
125.7,1,1,19,0,6,11.0,3,11.0,Graduate
125.5,1,1,19,0,6,13.579999999999998,8,12.93625,Graduate
124.5,1,1,18,0,4,12.4,6,12.5,Graduate
126.0,1,1,38,0,8,12.88888888888889,7,13.0,Graduate
136.2,1,0,21,1,11,11.545454545454543,9,11.7,Enrolled
124.2,1,0,23,1,1,10.0,0,0.0,Enrolled
138.5,1,0,19,0,8,14.34125,8,14.34125,Graduate
122.3,0,0,18,0,6,14.142857142857142,5,12.0,Dropout
126.0,1,1,18,0,0,0.0,0,0.0,Graduate
135.4,1,0,24,0,5,11.8,4,11.25,Enrolled
146.5,1,1,18,0,6,13.333333333333334,6,14.166666666666666,Graduate
121.9,1,0,18,0,6,14.5,6,12.857142857142858,Graduate
130.0,1,0,26,0,8,12.666666666666666,10,13.4,Graduate
115.2,1,0,19,0,1,10.0,2,10.0,Enrolled
115.2,1,1,19,0,0,0.0,0,0.0,Dropout
125.1,1,0,19,0,4,11.0,4,12.5,Enrolled
108.0,1,0,20,0,2,12.0,4,11.0,Dropout
125.9,1,0,22,0,4,10.0,2,13.5,Enrolled
128.0,1,0,19,0,7,14.20857142857143,8,15.127777777777778,Graduate
113.5,1,0,20,0,7,14.30714285714286,8,15.0125,Graduate
124.6,1,0,36,0,3,11.0,4,13.375,Enrolled
116.0,1,0,29,0,0,0.0,0,0.0,Dropout
124.9,1,0,19,0,6,12.0,4,11.0,Graduate
140.5,0,0,24,0,0,0.0,0,0.0,Dropout
179.6,0,0,27,0,0,0.0,0,0.0,Dropout
116.1,1,1,18,0,6,13.857142857142858,6,14.285714285714286,Graduate
139.4,1,1,18,0,0,0.0,0,0.0,Graduate
129.0,1,0,21,0,0,0.0,0,0.0,Dropout
135.6,1,1,43,0,5,11.0,5,13.0,Graduate
147.8,1,1,18,0,5,13.2,5,14.4,Graduate
138.0,1,1,21,0,6,13.5,3,15.333333333333334,Dropout
150.0,1,0,26,0,0,0.0,0,0.0,Dropout
130.8,1,1,19,0,7,14.214285714285714,7,14.214285714285714,Graduate
122.6,1,0,18,0,5,13.0,5,12.4,Graduate
119.1,1,0,22,0,2,12.0,1,10.0,Dropout
111.8,1,0,27,0,0,0.0,0,0.0,Dropout
125.0,1,0,18,0,5,12.8,5,12.6,Graduate
129.9,1,0,19,0,4,13.6,4,12.2,Graduate
131.1,1,0,18,0,7,13.971428571428572,8,15.75,Graduate
141.4,1,1,19,0,6,15.0,6,14.857142857142858,Graduate
120.0,0,0,32,0,0,0.0,0,0.0,Dropout
133.4,1,0,23,0,26,15.07777777777778,17,15.023529411764704,Graduate
127.3,1,0,20,0,6,13.383333333333333,6,13.383333333333333,Graduate
131.8,1,0,20,0,12,13.25,10,13.090909090909092,Graduate
114.8,0,0,19,0,5,11.714285714285714,2,10.666666666666666,Dropout
132.8,1,1,18,0,8,13.01125,8,13.01125,Graduate
140.0,1,0,21,0,3,10.666666666666666,4,12.0,Dropout
108.3,1,1,20,0,0,0.0,0,0.0,Enrolled
150.0,1,0,22,0,6,13.0,3,12.666666666666666,Graduate
160.0,1,0,26,0,5,12.0,5,11.4,Graduate
131.7,1,0,20,0,6,12.166666666666666,5,13.8,Graduate
112.6,1,0,19,0,6,11.85,7,13.65,Graduate
111.1,1,0,31,0,4,11.0,5,11.2,Graduate
127.5,1,1,20,0,7,12.327777777777778,8,11.736,Graduate
120.2,1,0,20,0,4,12.0,5,13.428571428571429,Graduate
118.9,1,0,21,0,7,14.428571428571429,8,14.511111111111113,Graduate
119.9,1,0,18,0,7,13.78,8,12.6125,Graduate
127.3,1,1,19,0,6,13.8,6,13.8,Graduate
127.9,1,1,18,0,7,14.857142857142858,7,15.142857142857142,Graduate
133.0,1,0,40,0,5,13.0,5,12.6,Enrolled
114.6,1,1,18,0,6,12.142857142857142,6,13.333333333333334,Graduate
144.5,1,0,18,0,6,15.666666666666666,6,14.833333333333334,Graduate
125.4,1,0,19,0,5,12.5,7,12.166666666666666,Graduate
145.0,1,1,19,0,6,12.833333333333334,6,13.166666666666666,Graduate
138.1,0,0,28,0,0,0.0,0,0.0,Dropout
124.6,1,0,20,0,6,12.5,6,12.666666666666666,Graduate
130.8,1,0,18,0,4,11.25,5,13.0,Graduate
140.5,1,0,18,0,6,15.25,6,15.25,Graduate
124.1,1,1,20,0,5,14.0,3,12.0,Graduate
118.4,1,0,28,0,13,12.076923076923077,11,12.090909090909092,Graduate
128.2,1,0,23,0,16,14.625,9,14.88888888888889,Graduate
109.5,1,0,19,0,4,10.5,2,10.5,Dropout
131.1,1,1,18,0,6,12.833333333333334,6,12.166666666666666,Graduate
137.9,0,1,20,0,6,12.5,5,11.8,Graduate
128.2,1,0,20,0,12,11.23076923076923,9,12.77777777777778,Graduate
126.5,1,0,27,0,2,10.5,0,0.0,Dropout
120.0,1,0,18,0,3,12.0,2,12.0,Dropout
123.0,1,1,37,0,7,10.985714285714286,8,12.3,Graduate
130.0,0,0,42,0,5,12.62,3,14.166666666666666,Dropout
141.1,1,0,20,0,6,13.0,8,14.2125,Dropout
140.0,0,0,34,1,0,0.0,0,0.0,Dropout
133.6,1,0,22,1,0,0.0,0,0.0,Dropout
123.5,1,0,39,1,6,13.5,6,13.333333333333334,Graduate
136.3,1,1,18,1,6,13.516666666666666,6,13.516666666666666,Graduate
123.5,1,1,21,1,6,13.166666666666666,6,13.285714285714286,Graduate
112.0,1,0,34,1,0,0.0,0,0.0,Dropout
160.0,1,1,22,1,6,13.125,6,13.0,Graduate
110.0,1,0,31,1,3,14.4,0,0.0,Dropout
116.8,0,0,19,1,4,12.0,0,0.0,Dropout
109.5,1,0,19,1,0,0.0,0,0.0,Dropout
100.0,1,0,31,1,0,0.0,0,0.0,Dropout
117.3,1,0,19,0,3,10.8,3,10.5,Enrolled
130.0,1,0,30,0,0,0.0,0,0.0,Dropout
137.8,1,1,20,0,7,16.13142857142857,8,15.52222222222222,Graduate
136.5,1,1,18,0,7,14.838571428571427,8,14.8,Graduate
138.7,1,0,31,0,3,10.333333333333334,3,12.0,Dropout
124.9,1,0,19,0,3,12.0,4,11.25,Dropout
140.0,1,1,43,0,0,0.0,0,0.0,Dropout
122.6,1,1,20,0,6,13.166666666666666,6,14.0,Graduate
129.5,1,1,19,0,8,13.9475,8,13.9475,Graduate
155.0,1,0,22,0,3,11.333333333333334,0,0.0,Dropout
100.0,1,0,26,0,7,12.75,7,12.285714285714286,Graduate
137.6,1,1,19,0,5,12.6,5,11.25,Graduate
120.0,1,0,29,0,6,12.25,6,12.25,Dropout
114.0,1,0,20,0,0,0.0,2,11.666666666666666,Enrolled
139.0,1,1,38,0,5,11.0,5,11.4,Enrolled
110.0,1,0,41,0,12,11.833333333333334,9,12.7,Graduate
128.5,1,0,19,0,6,13.066666666666668,6,13.066666666666668,Dropout
132.2,1,0,19,0,6,13.833333333333334,6,13.875,Graduate
130.0,1,0,43,0,3,13.833333333333334,0,0.0,Dropout
129.3,1,0,19,0,5,11.8,5,13.2,Graduate
128.2,1,1,19,1,12,13.333333333333334,10,12.818181818181818,Enrolled
130.3,1,0,18,1,8,13.74625,8,13.74625,Graduate
162.5,1,0,19,1,0,0.0,0,0.0,Dropout
130.0,1,0,38,1,0,0.0,0,0.0,Dropout
110.0,1,0,37,1,0,0.0,0,0.0,Dropout
142.3,1,1,26,0,6,13.333333333333334,5,14.5,Graduate
122.0,1,1,21,0,1,10.0,5,11.4,Enrolled
153.6,1,1,18,0,6,15.666666666666666,6,15.285714285714286,Graduate
112.9,1,0,18,0,7,11.857142857142858,7,11.857142857142858,Graduate
124.1,1,0,18,0,5,14.5,5,13.6,Graduate
129.7,1,0,19,0,6,12.166666666666666,6,13.714285714285714,Graduate
110.0,1,0,18,0,5,12.6,6,12.0,Graduate
136.3,1,0,18,0,7,12.285714285714286,7,12.285714285714286,Enrolled
146.0,1,1,19,0,6,12.666666666666666,6,13.0,Graduate
129.9,1,0,19,0,0,0.0,0,0.0,Dropout
140.9,1,1,18,0,6,12.857142857142858,4,13.0,Graduate
135.5,1,0,18,0,7,13.9,7,13.9,Graduate
122.0,1,1,20,0,7,13.817142857142857,7,13.817142857142857,Graduate
140.0,1,1,22,0,6,13.314285714285717,7,12.875,Graduate
163.0,1,0,18,0,0,0.0,0,0.0,Dropout
107.4,1,1,19,0,6,12.166666666666666,6,12.166666666666666,Graduate
114.3,0,1,20,0,4,11.25,3,11.333333333333334,Dropout
140.8,1,0,19,0,5,12.4,6,12.75,Enrolled
126.3,1,1,20,0,6,14.666666666666666,6,14.571428571428571,Graduate
110.0,1,0,28,0,4,12.0,4,12.0,Dropout
126.2,1,0,19,0,6,14.0,3,12.666666666666666,Graduate
140.0,1,0,22,0,6,12.571428571428571,4,13.666666666666666,Enrolled
123.0,1,0,19,0,6,15.538461538461538,6,12.625,Graduate
157.0,0,0,18,0,0,0.0,0,0.0,Dropout
149.7,1,0,18,0,6,15.0,6,14.833333333333334,Graduate
140.0,1,0,22,0,4,12.25,5,13.285714285714286,Graduate
170.0,1,0,20,0,11,15.692307692307692,9,15.555555555555555,Graduate
130.2,1,1,24,0,5,12.285714285714286,5,12.75,Graduate
135.5,1,0,22,0,12,11.833333333333334,11,11.25,Enrolled
118.3,1,0,20,0,6,12.166666666666666,5,14.0,Enrolled
116.3,1,1,20,0,7,11.88888888888889,8,11.95625,Graduate
120.0,0,0,35,0,0,0.0,0,0.0,Dropout
154.7,1,1,18,0,5,11.8,5,12.6,Graduate
132.7,1,0,19,0,6,11.166666666666666,6,11.666666666666666,Graduate
130.8,1,0,18,0,7,14.05714285714286,8,14.6,Graduate
122.7,1,0,18,0,4,11.75,4,10.0,Dropout
130.0,1,0,31,0,6,13.166666666666666,6,13.0,Enrolled
123.6,1,1,19,0,6,13.5,6,14.0,Graduate
116.5,1,1,20,0,7,12.625,8,13.0625,Graduate
111.1,1,0,21,0,0,0.0,0,0.0,Dropout
136.3,1,1,18,0,7,13.971428571428572,7,13.971428571428572,Graduate
129.8,1,0,18,0,2,11.0,0,0.0,Dropout
134.7,1,0,33,0,5,12.8,5,15.333333333333334,Graduate
131.8,1,1,18,0,6,13.571428571428571,5,12.8,Enrolled
126.8,0,1,18,0,0,0.0,0,0.0,Dropout
130.7,1,0,21,0,2,11.5,4,11.0,Enrolled
109.8,1,0,19,0,4,11.25,4,12.0,Enrolled
133.9,1,0,28,0,5,13.714285714285714,5,13.142857142857142,Graduate
109.9,0,0,29,0,0,0.0,0,0.0,Dropout
160.0,0,0,36,0,6,12.0,3,14.666666666666666,Dropout
106.5,1,1,32,0,6,12.666666666666666,6,13.333333333333334,Graduate
120.0,1,1,25,0,7,13.29,7,13.29,Enrolled
107.8,1,0,33,0,8,10.375,9,10.444444444444445,Enrolled
100.0,0,0,34,0,3,12.0,1,13.0,Dropout
112.5,1,0,33,0,5,11.4,6,11.166666666666666,Graduate
135.5,0,0,29,0,2,13.25,3,12.6,Dropout
145.0,1,0,18,0,6,13.861666666666666,0,0.0,Dropout
119.0,1,1,18,0,6,12.166666666666666,6,12.142857142857142,Graduate
130.0,1,0,38,0,4,13.75,6,14.5,Graduate
126.3,1,1,19,0,6,15.433333333333332,6,15.433333333333332,Graduate
113.5,1,1,39,0,6,13.833333333333334,6,15.5,Graduate
120.0,1,0,37,0,12,11.833333333333334,11,11.363636363636363,Graduate
111.3,1,0,32,0,0,0.0,0,0.0,Dropout
130.2,1,0,18,0,0,0.0,0,0.0,Dropout
140.2,1,0,20,0,7,12.333333333333334,8,12.625,Enrolled
113.9,1,0,20,0,6,11.166666666666666,6,12.166666666666666,Graduate
99.0,1,1,23,0,6,14.666666666666666,6,12.428571428571429,Graduate
124.0,1,0,19,0,5,11.2,4,11.75,Enrolled
138.9,1,0,18,0,6,13.714285714285714,6,14.166666666666666,Graduate
130.0,1,0,19,1,5,12.8,5,11.444444444444445,Graduate
120.8,1,0,20,0,4,13.25,5,11.8,Graduate
127.8,1,0,19,0,6,13.78,6,13.78,Dropout
126.0,1,0,19,0,7,15.11,7,15.11,Graduate
126.0,1,0,18,0,4,11.0,5,11.2,Graduate
138.5,1,1,20,0,7,15.798571428571426,7,15.798571428571426,Graduate
119.4,1,0,20,0,7,13.775714285714288,8,15.599999999999998,Graduate
101.5,1,0,24,0,7,12.16,7,12.16,Graduate
101.5,1,0,24,0,0,0.0,0,0.0,Dropout
126.2,1,0,20,0,6,14.333333333333334,6,15.5,Graduate
129.8,1,0,20,0,6,11.833333333333334,3,13.333333333333334,Enrolled
138.4,0,0,18,0,6,14.833333333333334,6,12.5,Enrolled
129.3,1,0,18,0,7,14.2,7,14.2,Graduate
113.1,1,0,21,0,5,12.2,5,13.2,Graduate
144.3,1,0,18,0,4,13.0,5,13.666666666666666,Graduate
141.0,1,1,19,0,7,12.485714285714286,7,12.485714285714286,Graduate
130.0,1,0,22,0,6,17.0,6,16.285714285714285,Graduate
117.5,1,0,19,0,5,10.8,6,10.166666666666666,Graduate
131.8,1,0,18,0,6,14.716666666666669,6,14.716666666666669,Graduate
133.7,1,1,19,0,2,13.5,5,11.4,Enrolled
115.4,1,1,24,0,7,11.971428571428572,7,11.971428571428572,Enrolled
129.1,1,0,19,0,3,12.0,4,13.5,Enrolled
135.5,1,0,34,0,6,12.333333333333334,6,11.666666666666666,Graduate
112.4,1,0,19,0,6,15.307692307692308,6,13.875,Graduate
130.8,1,1,18,0,6,12.666666666666666,6,12.666666666666666,Graduate
131.6,1,1,19,0,7,14.368,8,14.44875,Graduate
140.8,1,0,25,0,7,12.084285714285716,7,12.084285714285716,Graduate
140.0,1,0,21,0,8,12.25,8,12.2,Enrolled
114.2,1,0,18,0,5,12.2,5,11.6,Enrolled
127.3,1,1,18,0,4,11.0,6,11.5,Graduate
115.0,1,0,28,0,5,12.8,5,11.0,Graduate
118.8,1,1,18,0,7,11.857142857142858,7,11.857142857142858,Graduate
125.0,1,0,41,0,6,12.285714285714286,5,13.0,Graduate
111.5,1,0,18,0,3,12.333333333333334,4,13.5,Dropout
124.2,1,1,21,0,4,11.25,4,11.4,Graduate
130.0,1,0,41,0,0,0.0,0,0.0,Dropout
120.0,1,0,32,0,2,16.0,1,16.0,Dropout
110.0,1,0,29,0,6,11.666666666666666,6,11.0,Graduate
113.3,1,0,24,0,5,12.4,7,12.15,Enrolled
123.5,1,0,22,0,6,10.744444444444444,8,11.8375,Enrolled
101.0,1,0,21,0,0,0.0,0,0.0,Dropout
120.9,1,0,39,0,4,12.0,4,12.5625,Dropout
154.6,0,1,44,0,4,12.75,2,10.0,Enrolled
120.2,1,0,20,0,2,10.0,2,11.0,Enrolled
146.5,1,0,21,0,12,13.417391304347827,12,13.417391304347827,Graduate
160.1,1,0,18,0,6,15.166666666666666,6,14.857142857142858,Graduate
150.0,1,0,34,0,5,13.833333333333334,5,12.5,Graduate
135.8,1,0,18,0,5,13.333333333333334,4,14.8,Graduate
143.8,1,0,19,0,0,0.0,0,0.0,Enrolled
116.8,1,0,18,0,3,11.666666666666666,3,10.666666666666666,Dropout
113.9,1,0,19,0,5,15.0,6,13.428571428571429,Graduate
118.0,1,1,18,0,7,13.242857142857144,7,13.242857142857144,Enrolled
150.2,1,0,19,0,1,13.0,2,12.5,Dropout
115.1,1,1,19,0,6,13.075,7,12.05,Graduate
131.3,1,1,18,0,6,13.5,6,13.666666666666666,Graduate
120.0,1,1,23,0,5,11.8,6,12.333333333333334,Graduate
110.3,0,0,18,0,5,12.6,5,11.8,Enrolled
100.0,1,0,33,0,6,12.166666666666666,3,11.0,Dropout
110.7,1,0,19,0,6,12.166666666666666,6,11.0,Graduate
143.4,1,0,21,0,0,0.0,0,0.0,Dropout
115.9,1,0,18,0,7,13.557142857142855,8,13.2,Graduate
145.0,1,1,21,0,4,12.25,4,11.8,Enrolled
140.9,1,0,19,0,6,14.333333333333334,6,13.5,Graduate
108.4,1,0,20,0,4,10.5,4,11.75,Graduate
114.3,1,0,20,0,0,0.0,0,0.0,Dropout
110.0,1,0,20,0,4,12.75,3,11.333333333333334,Enrolled
121.7,1,1,18,0,0,0.0,4,11.0,Enrolled
123.7,1,0,18,0,1,14.0,1,14.0,Enrolled
116.5,1,1,20,0,7,14.093333333333332,8,15.0,Graduate
155.0,1,1,21,0,6,13.333333333333334,6,13.166666666666666,Graduate
129.3,1,0,19,0,7,12.071428571428571,7,12.071428571428571,Graduate
121.7,1,1,18,0,6,12.666666666666666,6,12.5,Graduate
148.2,1,0,27,0,6,12.125,5,12.0,Enrolled
125.5,1,1,21,0,7,13.2,7,13.2575,Graduate
131.9,1,1,18,0,7,14.15,8,14.51125,Graduate
121.8,1,0,18,0,4,13.5,3,10.666666666666666,Enrolled
107.7,0,0,28,0,0,0.0,0,0.0,Dropout
115.5,1,0,36,0,5,12.2,3,11.4,Dropout
139.8,1,0,20,0,5,14.8,5,14.0,Graduate
133.2,1,0,19,0,5,11.0,5,11.4,Graduate
118.4,1,0,20,0,0,0.0,0,0.0,Enrolled
123.3,1,0,19,0,3,14.0,4,11.75,Enrolled
134.5,1,0,28,0,5,11.833333333333334,6,13.0,Graduate
110.6,1,0,20,0,4,11.75,5,11.8,Graduate
154.0,1,0,28,0,12,12.333333333333334,8,12.0,Graduate
160.0,1,0,24,0,3,11.666666666666666,6,11.833333333333334,Dropout
140.0,1,0,20,0,6,12.666666666666666,4,11.5,Enrolled
132.5,1,0,22,0,4,12.25,5,11.6,Enrolled
127.7,1,1,18,0,6,11.285714285714286,4,13.5,Graduate
117.5,0,0,22,0,2,11.5,0,0.0,Dropout
127.0,1,1,18,0,6,11.666666666666666,4,12.25,Graduate
125.5,1,1,21,0,7,13.514285714285714,7,13.514285714285714,Graduate
140.5,1,0,19,0,6,13.0,6,13.714285714285714,Graduate
118.3,1,0,22,0,3,15.0,4,10.25,Enrolled
120.8,1,1,20,0,7,12.744285714285716,7,12.744285714285716,Graduate
95.0,1,0,20,0,4,11.75,5,11.8,Graduate
122.2,1,0,19,0,6,12.166666666666666,6,11.666666666666666,Graduate
143.9,1,0,20,0,0,0.0,0,0.0,Enrolled
127.2,1,1,20,0,5,13.4,6,12.375,Graduate
120.2,1,0,20,0,5,11.8,4,11.5,Dropout
134.8,1,0,19,0,6,13.533333333333331,6,13.533333333333331,Graduate
142.6,1,1,18,0,6,14.166666666666666,4,14.0,Graduate
147.9,1,1,18,0,7,14.652857142857142,8,14.755555555555556,Graduate
160.4,0,0,19,0,0,0.0,0,0.0,Dropout
134.6,1,0,20,1,5,13.6,5,13.0,Graduate
121.0,1,1,22,0,6,12.833333333333334,4,13.25,Graduate
142.7,1,1,18,0,6,14.666666666666666,6,15.166666666666666,Graduate
115.6,1,0,19,0,6,13.333333333333334,6,14.666666666666666,Graduate
130.0,0,1,20,0,5,13.4,5,11.4,Graduate
124.3,1,1,19,0,7,13.3125,8,15.6375,Graduate
137.9,0,0,18,0,0,0.0,0,0.0,Dropout
100.0,0,0,20,0,0,0.0,0,0.0,Dropout
128.2,1,1,19,0,6,12.333333333333334,6,13.5,Graduate
135.0,1,0,18,0,6,13.5,6,13.333333333333334,Enrolled
121.0,1,0,18,0,5,13.0,6,11.833333333333334,Graduate
147.0,1,0,22,0,2,12.5,0,0.0,Dropout
149.5,1,0,18,0,6,17.0,6,16.0,Graduate
144.4,1,0,20,0,6,13.5,6,13.0,Graduate
116.0,1,0,19,0,6,12.714285714285714,6,11.833333333333334,Graduate
120.7,1,1,19,0,6,13.0,8,13.927272727272726,Graduate
141.8,1,0,21,0,6,12.571428571428571,6,13.5,Graduate
119.7,1,1,19,0,4,11.5,6,11.5,Dropout
118.4,1,1,19,0,6,13.5,6,13.285714285714286,Graduate
134.5,1,0,45,0,5,13.6,5,13.0,Enrolled
128.2,0,1,28,0,1,12.0,0,0.0,Dropout
115.0,1,0,28,0,7,14.95,8,14.7375,Graduate
130.0,1,0,25,0,4,11.25,4,12.0,Enrolled
120.7,0,0,19,0,3,10.666666666666666,4,12.25,Dropout
130.5,1,0,19,0,7,14.992857142857142,7,14.992857142857142,Graduate
107.4,1,0,20,1,3,10.5,4,11.25,Enrolled
100.0,1,0,22,1,4,11.25,3,11.0,Enrolled
125.0,1,1,20,1,6,12.333333333333334,6,14.0,Graduate
121.5,1,0,20,1,6,13.016666666666666,6,13.016666666666666,Enrolled
127.2,0,0,20,1,3,11.333333333333334,2,11.5,Dropout
160.0,1,0,27,0,6,16.142857142857142,6,14.666666666666666,Graduate
120.0,1,0,22,0,6,14.833333333333334,5,13.833333333333334,Graduate
141.5,0,0,19,0,7,13.327142857142857,7,13.327142857142857,Dropout
111.4,0,0,19,0,4,11.0,2,11.5,Dropout
136.6,1,0,18,0,6,11.714285714285714,6,10.375,Enrolled
154.6,1,0,19,0,12,12.333333333333334,10,12.727272727272728,Dropout
111.4,0,0,20,0,0,0.0,0,0.0,Dropout
120.1,0,0,39,0,12,11.916666666666666,8,11.25,Dropout
100.0,1,0,37,0,6,11.833333333333334,6,11.0,Graduate
140.0,0,0,30,0,3,12.333333333333334,3,11.666666666666666,Dropout
130.0,1,0,41,0,10,14.3,10,14.2,Graduate
100.0,0,0,40,0,5,11.832,5,11.832,Dropout
106.1,1,0,20,0,2,10.0,0,0.0,Dropout
151.4,1,0,28,0,5,12.0,5,11.6,Graduate
113.7,0,0,19,0,5,12.2,0,0.0,Dropout
116.5,1,0,23,0,3,11.333333333333334,4,11.25,Dropout
120.0,1,0,18,0,13,13.846153846153848,9,12.555555555555555,Dropout
122.0,1,0,24,0,7,12.412857142857144,7,12.412857142857144,Graduate
117.1,1,0,21,0,3,12.666666666666666,4,12.75,Enrolled
120.8,1,0,19,0,7,12.545714285714286,7,12.545714285714286,Graduate
141.4,1,0,19,0,3,13.0,2,14.0,Dropout
110.0,0,0,48,0,0,0.0,0,0.0,Dropout
120.0,0,0,38,0,9,12.22222222222222,9,13.0,Dropout
120.2,1,0,19,0,5,13.285714285714286,5,13.0,Graduate
138.4,1,0,30,1,3,11.666666666666666,1,11.0,Dropout
150.0,1,1,24,1,6,13.555555555555555,6,12.666666666666666,Graduate
121.8,1,0,19,1,6,13.166666666666666,6,12.428571428571429,Graduate
140.0,1,0,21,1,0,0.0,0,0.0,Enrolled
116.3,1,1,21,1,6,11.666666666666666,5,12.2,Graduate
131.5,1,0,19,1,4,11.0,4,12.25,Dropout
141.0,1,0,18,1,6,13.0,1,10.0,Enrolled
138.0,1,1,18,1,6,13.666666666666666,6,12.0,Graduate
127.5,1,0,19,1,5,14.6,5,15.2,Dropout
127.0,1,1,19,1,7,12.514285714285714,7,12.514285714285714,Graduate
118.9,1,0,18,1,3,14.0,3,12.666666666666666,Enrolled
134.5,1,0,25,1,6,13.166666666666666,5,12.6,Enrolled
133.0,1,0,18,1,4,13.0,3,12.333333333333334,Enrolled
114.0,0,0,29,1,1,13.0,0,0.0,Dropout
116.7,1,0,21,1,1,10.0,3,13.666666666666666,Dropout
125.1,1,1,18,1,6,14.333333333333334,6,15.333333333333334,Graduate
137.2,1,1,20,1,0,0.0,0,0.0,Dropout
111.4,1,0,27,1,1,11.0,0,0.0,Dropout
105.0,1,0,21,1,3,11.25,0,0.0,Enrolled
124.3,1,0,20,1,4,10.75,3,10.571428571428571,Dropout
132.0,0,0,28,1,1,11.0,0,0.0,Dropout
110.0,1,1,24,1,6,10.857142857142858,7,11.857142857142858,Enrolled
134.7,1,0,22,1,4,11.75,3,11.0,Enrolled
136.8,1,0,20,1,5,12.8,4,13.666666666666666,Graduate
160.0,1,0,21,1,3,12.333333333333334,5,11.4,Graduate
130.0,0,0,23,1,2,11.333333333333334,2,13.0,Dropout
128.8,1,0,18,1,5,11.6,6,11.166666666666666,Graduate
148.4,1,1,20,1,12,10.923076923076923,11,12.181818181818182,Graduate
130.4,1,0,19,1,0,0.0,0,0.0,Graduate
126.0,1,0,32,1,7,13.62857142857143,8,13.9125,Graduate
118.7,1,0,20,1,3,10.333333333333334,1,11.0,Dropout
120.0,1,0,32,1,18,13.736842105263158,12,13.75,Graduate
120.0,1,0,28,1,8,11.625,6,11.0,Enrolled
116.3,1,1,21,1,4,11.5,7,12.142857142857142,Graduate
133.9,1,1,19,1,5,14.0,6,13.0,Graduate
150.3,1,0,24,1,3,11.333333333333334,0,0.0,Dropout
118.3,1,0,18,1,1,10.0,1,10.0,Dropout
130.0,1,0,20,1,5,11.714285714285714,5,12.0,Graduate
140.0,0,0,25,1,0,0.0,0,0.0,Dropout
110.4,1,0,25,1,13,10.76923076923077,12,11.833333333333334,Dropout
139.7,1,0,18,1,5,11.6,6,12.0,Dropout
138.3,1,0,19,1,4,13.75,0,0.0,Dropout
123.2,1,0,18,1,4,11.0,5,10.5,Dropout
120.0,0,0,25,1,0,0.0,0,0.0,Dropout
127.0,1,0,38,1,0,0.0,0,0.0,Dropout
114.2,1,0,19,1,0,0.0,0,0.0,Dropout
119.7,1,0,19,1,6,12.333333333333334,5,13.2,Graduate
150.0,1,1,22,1,6,13.428571428571429,6,13.625,Graduate
123.5,1,0,18,1,0,0.0,1,10.0,Enrolled
130.0,0,0,32,1,4,14.75,2,15.0,Dropout
124.6,1,0,37,1,21,12.476190476190476,19,12.210526315789474,Graduate
119.4,1,0,21,1,0,0.0,0,0.0,Dropout
121.9,1,0,18,1,3,11.666666666666666,2,12.5,Dropout
110.0,1,0,19,1,6,12.0,6,13.571428571428571,Graduate
118.7,1,1,19,1,6,12.0,6,14.0,Graduate
163.1,0,0,19,0,12,15.25,11,15.0,Graduate
121.7,1,1,19,1,5,12.4,6,13.166666666666666,Graduate
135.0,1,0,21,1,3,12.333333333333334,4,11.25,Enrolled
147.9,1,0,28,0,4,11.5,4,12.0,Enrolled
118.1,0,0,19,0,5,12.2,4,11.75,Dropout
105.3,1,0,28,0,2,10.5,0,0.0,Dropout
139.8,1,1,19,0,7,14.4,7,14.4,Graduate
130.0,1,0,32,0,13,12.846153846153848,10,12.8,Graduate
127.5,0,0,26,0,4,12.0,5,13.2,Dropout
120.0,1,0,25,0,0,0.0,0,0.0,Dropout
124.2,1,0,31,0,6,13.666666666666666,5,13.5,Dropout
113.4,1,1,20,0,5,11.857142857142858,6,11.666666666666666,Graduate
118.0,1,0,19,0,0,0.0,0,0.0,Dropout
130.0,1,0,23,0,0,0.0,0,0.0,Dropout
135.9,1,0,18,0,5,13.2,6,11.333333333333334,Graduate
135.8,1,1,19,0,6,12.714285714285714,5,11.0,Dropout
133.1,1,0,18,0,6,12.5,6,12.666666666666666,Graduate
118.8,1,0,21,0,3,10.666666666666666,2,12.5,Enrolled
117.1,1,0,20,0,1,17.0,1,17.0,Enrolled
114.5,1,0,24,0,5,13.0,4,13.25,Graduate
127.2,1,1,18,0,3,12.666666666666666,4,12.5,Enrolled
130.0,1,0,25,0,12,13.291666666666666,12,13.291666666666666,Graduate
116.1,1,0,20,0,3,11.666666666666666,4,11.5,Graduate
130.5,1,0,18,0,7,14.24,7,14.24,Graduate
104.0,1,0,24,0,3,13.0,3,11.333333333333334,Dropout
128.5,1,0,18,0,5,14.06,6,12.571428571428571,Enrolled
126.0,0,0,21,0,5,11.833333333333334,5,13.2,Dropout
141.1,1,0,18,0,6,12.833333333333334,6,13.333333333333334,Graduate
102.8,1,0,20,0,1,10.0,0,0.0,Dropout
129.2,1,0,19,0,2,11.0,2,10.0,Dropout
119.3,1,0,20,0,7,14.105714285714289,8,13.6625,Graduate
126.3,1,0,20,0,7,12.471428571428572,7,12.471428571428572,Graduate
140.0,1,1,20,0,6,11.833333333333334,5,11.857142857142858,Graduate
131.5,1,0,20,0,6,12.5,6,12.833333333333334,Graduate
137.6,1,0,18,0,6,11.666666666666666,6,12.333333333333334,Dropout
142.8,1,0,18,0,0,0.0,0,0.0,Graduate
146.2,1,0,30,0,3,10.333333333333334,4,12.8,Enrolled
162.1,1,0,18,0,5,16.166666666666668,5,14.285714285714286,Graduate
140.0,1,0,35,0,3,12.666666666666666,0,0.0,Dropout
120.0,0,0,31,0,2,10.5,3,12.333333333333334,Dropout
133.3,1,0,19,0,2,11.5,1,11.0,Dropout
124.8,1,0,19,0,6,13.0,5,13.4,Graduate
133.3,1,0,19,0,6,11.966666666666669,6,11.966666666666669,Graduate
141.8,1,0,19,0,8,13.3475,8,13.3475,Graduate
128.2,1,0,21,0,5,12.0,4,12.5,Graduate
115.0,1,0,18,0,2,10.5,0,0.0,Dropout
123.6,1,0,18,0,4,11.5,4,10.75,Enrolled
120.2,1,0,19,1,0,0.0,0,0.0,Graduate
127.0,1,0,18,1,6,13.571428571428571,4,14.0,Graduate
120.4,1,0,18,1,6,14.7,6,12.0,Graduate
120.0,0,0,25,1,0,0.0,0,0.0,Dropout
120.0,1,0,18,1,6,11.833333333333334,6,11.833333333333334,Enrolled
133.9,1,0,19,1,0,0.0,0,0.0,Graduate
113.5,1,0,18,1,7,13.175714285714289,8,14.925,Graduate
126.1,1,0,24,1,0,0.0,0,0.0,Dropout
121.2,1,0,19,0,2,13.0,6,10.833333333333334,Enrolled
150.0,1,0,29,0,7,13.742857142857144,7,13.742857142857144,Graduate
100.0,1,0,27,0,0,0.0,0,0.0,Dropout
127.3,1,0,18,0,7,12.217142857142855,7,12.11875,Graduate
103.8,1,0,28,0,14,11.071428571428571,12,11.333333333333334,Dropout
131.0,1,1,32,0,7,13.428571428571429,8,13.25,Graduate
133.9,1,0,30,0,5,11.4,5,13.666666666666666,Dropout
140.0,1,0,29,0,4,11.325,4,11.325,Dropout
121.4,1,0,20,0,0,0.0,0,0.0,Enrolled
122.0,1,0,19,0,7,15.0,7,15.0,Graduate
150.5,1,0,29,0,6,13.166666666666666,6,15.625,Graduate
139.4,0,0,27,0,2,11.0,4,10.5,Dropout
112.6,1,0,19,0,0,0.0,0,0.0,Dropout
115.2,1,1,21,0,3,12.333333333333334,2,12.5,Dropout
131.8,0,0,29,0,4,12.25,5,10.166666666666666,Dropout
122.8,0,0,42,0,13,11.923076923076923,12,12.5,Dropout
156.2,1,1,18,0,6,14.333333333333334,6,14.142857142857142,Graduate
132.0,1,0,24,0,5,12.0,5,13.0,Graduate
130.0,1,0,32,0,7,13.761111111111113,7,12.06375,Enrolled
138.4,1,0,18,0,4,11.25,5,11.0,Enrolled
146.2,1,0,27,0,3,12.333333333333334,3,10.666666666666666,Graduate
166.0,1,0,18,0,8,14.88875,8,14.88875,Graduate
133.1,1,1,19,0,6,12.166666666666666,5,12.4,Dropout
121.9,1,1,18,0,6,12.666666666666666,6,13.333333333333334,Graduate
110.4,1,0,21,0,5,12.6,3,11.666666666666666,Enrolled
121.4,1,1,26,0,4,13.0,4,12.25,Graduate
137.0,1,1,22,0,6,13.875,6,14.333333333333334,Graduate
140.0,1,0,37,1,4,10.75,3,13.333333333333334,Dropout
140.0,1,0,24,1,3,14.666666666666666,0,0.0,Dropout
126.8,1,0,18,1,5,12.6,6,13.0,Enrolled
124.8,1,1,19,1,6,12.4125,7,11.2625,Graduate
120.0,0,0,28,1,1,11.0,2,10.5,Dropout
133.0,1,1,18,1,7,14.314285714285717,7,14.314285714285717,Graduate
127.5,1,0,20,1,4,12.0,2,11.333333333333334,Enrolled
131.7,1,0,18,1,6,12.833333333333334,6,13.285714285714286,Graduate
133.0,1,0,47,1,5,11.4,6,11.666666666666666,Dropout
122.7,1,0,38,1,5,14.6,5,14.333333333333334,Graduate
121.2,1,1,20,1,6,13.5,5,12.5,Graduate
150.0,1,0,21,1,6,12.5,3,13.333333333333334,Dropout
133.4,1,1,19,1,4,13.0,5,12.2,Enrolled
121.2,1,0,25,1,5,11.6,2,13.0,Enrolled
129.3,1,0,18,0,5,11.8,5,11.6,Graduate
117.8,0,0,46,0,3,12.333333333333334,3,11.083333333333334,Dropout
131.3,1,0,23,0,12,12.625,12,12.625,Graduate
133.8,1,1,20,0,6,13.833333333333334,6,13.5,Graduate
120.0,1,0,20,1,6,12.5,7,13.142857142857142,Graduate
122.2,1,0,19,1,5,13.6,5,12.666666666666666,Graduate
119.0,0,0,18,0,6,12.0,2,11.0,Dropout
149.5,1,1,30,0,7,14.9125,1,13.5,Dropout
153.8,1,1,20,0,5,13.8,5,12.0,Graduate
152.0,1,0,22,0,6,11.666666666666666,6,13.0,Graduate
